Cpu,Dataset,User,Cores,Threads,Min,Avg,StDev
13thGenIntelRCoreTMi5-13500,1B,abeobk,6,6,2.214,2.216,0.001
13thGenIntelRCoreTMi5-13500,1B,abeobk,6,12,1.772,1.773,0.001
13thGenIntelRCoreTMi5-13500,1B,artsiomkorzun,6,6,1.519,1.522,0.002
13thGenIntelRCoreTMi5-13500,1B,artsiomkorzun,6,12,1.469,1.471,0.001
13thGenIntelRCoreTMi5-13500,1B,austindonisan,6,6,1.393,1.398,0.001
13thGenIntelRCoreTMi5-13500,1B,austindonisan,6,12,0.714,0.742,0.002
13thGenIntelRCoreTMi5-13500,1B,buybackoff,6,6,1.538,1.555,0.011
13thGenIntelRCoreTMi5-13500,1B,buybackoff,6,12,1.488,1.491,0.003
13thGenIntelRCoreTMi5-13500,1B,CameronAavik,6,6,2.783,2.806,0.003
13thGenIntelRCoreTMi5-13500,1B,CameronAavik,6,12,2.222,2.228,0.002
13thGenIntelRCoreTMi5-13500,1B,dzaima,6,6,2.076,2.152,0.043
13thGenIntelRCoreTMi5-13500,1B,jerrinot,6,6,2.045,2.049,0.003
13thGenIntelRCoreTMi5-13500,1B,jerrinot,6,12,1.452,1.454,0.000
13thGenIntelRCoreTMi5-13500,1B,kpocza,6,6,3.531,3.543,0.005
13thGenIntelRCoreTMi5-13500,1B,kpocza,6,12,2.137,2.145,0.004
13thGenIntelRCoreTMi5-13500,1B,lehuyduc,6,6,2.183,2.206,0.007
13thGenIntelRCoreTMi5-13500,1B,lehuyduc,6,12,1.563,1.566,0.003
13thGenIntelRCoreTMi5-13500,1B,mtopolnik,6,6,3.215,3.231,0.010
13thGenIntelRCoreTMi5-13500,1B,mtopolnik,6,12,2.053,2.059,0.005
13thGenIntelRCoreTMi5-13500,1B,mtopolnik-rs,6,6,3.382,3.390,0.001
13thGenIntelRCoreTMi5-13500,1B,mtopolnik-rs,6,12,2.564,2.567,0.002
13thGenIntelRCoreTMi5-13500,1B,nietras,6,6,3.350,3.398,0.027
13thGenIntelRCoreTMi5-13500,1B,nietras,6,12,2.025,2.071,0.020
13thGenIntelRCoreTMi5-13500,1B,NimaAra,6,6,6.478,6.493,0.009
13thGenIntelRCoreTMi5-13500,1B,NimaAra,6,12,4.895,4.900,0.007
13thGenIntelRCoreTMi5-13500,1B,noahfalk,6,6,1.286,1.288,0.001
13thGenIntelRCoreTMi5-13500,1B,noahfalk,6,12,1.123,1.132,0.003
13thGenIntelRCoreTMi5-13500,1B,pedrosakuma,6,6,6.216,6.230,0.003
13thGenIntelRCoreTMi5-13500,1B,pedrosakuma,6,12,4.740,4.753,0.006
13thGenIntelRCoreTMi5-13500,1B,royvanrijn,6,6,3.156,3.181,0.014
13thGenIntelRCoreTMi5-13500,1B,royvanrijn,6,12,1.975,1.986,0.004
13thGenIntelRCoreTMi5-13500,1B,stephenvonworley,6,6,2.370,2.371,0.001
13thGenIntelRCoreTMi5-13500,1B,stephenvonworley,6,12,1.828,1.831,0.000
13thGenIntelRCoreTMi5-13500,1B,thomaswue,6,6,1.556,1.565,0.001
13thGenIntelRCoreTMi5-13500,1B,thomaswue,6,12,1.530,1.531,0.001
13thGenIntelRCoreTMi5-13500,1B,xoofx,6,6,3.390,3.401,0.002
13thGenIntelRCoreTMi5-13500,1B,xoofx,6,12,2.749,2.841,0.033
13thGenIntelRCoreTMi5-13500,1B_10K,abeobk,6,6,6.059,6.064,0.005
13thGenIntelRCoreTMi5-13500,1B_10K,abeobk,6,12,4.779,4.785,0.005
13thGenIntelRCoreTMi5-13500,1B_10K,artsiomkorzun,6,6,3.342,3.348,0.009
13thGenIntelRCoreTMi5-13500,1B_10K,artsiomkorzun,6,12,3.628,3.632,0.005
13thGenIntelRCoreTMi5-13500,1B_10K,austindonisan,6,6,3.847,3.851,0.005
13thGenIntelRCoreTMi5-13500,1B_10K,austindonisan,6,12,2.881,2.891,0.014
13thGenIntelRCoreTMi5-13500,1B_10K,buybackoff,6,6,3.073,3.084,0.009
13thGenIntelRCoreTMi5-13500,1B_10K,buybackoff,6,12,2.890,2.907,0.015
13thGenIntelRCoreTMi5-13500,1B_10K,CameronAavik,6,6,7.734,7.754,0.018
13thGenIntelRCoreTMi5-13500,1B_10K,CameronAavik,6,12,5.991,6.003,0.018
13thGenIntelRCoreTMi5-13500,1B_10K,dzaima,6,6,4.398,4.430,0.028
13thGenIntelRCoreTMi5-13500,1B_10K,jerrinot,6,6,4.326,4.329,0.002
13thGenIntelRCoreTMi5-13500,1B_10K,jerrinot,6,12,3.269,3.273,0.004
13thGenIntelRCoreTMi5-13500,1B_10K,kpocza,6,6,4.839,4.848,0.010
13thGenIntelRCoreTMi5-13500,1B_10K,kpocza,6,12,3.797,3.804,0.012
13thGenIntelRCoreTMi5-13500,1B_10K,lehuyduc,6,6,2.976,3.011,0.031
13thGenIntelRCoreTMi5-13500,1B_10K,lehuyduc,6,12,2.637,2.658,0.018
13thGenIntelRCoreTMi5-13500,1B_10K,mtopolnik,6,6,4.015,4.044,0.036
13thGenIntelRCoreTMi5-13500,1B_10K,mtopolnik,6,12,3.715,3.747,0.032
13thGenIntelRCoreTMi5-13500,1B_10K,mtopolnik-rs,6,6,4.954,4.961,0.008
13thGenIntelRCoreTMi5-13500,1B_10K,mtopolnik-rs,6,12,4.259,4.285,0.027
13thGenIntelRCoreTMi5-13500,1B_10K,nietras,6,6,5.767,5.794,0.026
13thGenIntelRCoreTMi5-13500,1B_10K,nietras,6,12,3.938,3.940,0.002
13thGenIntelRCoreTMi5-13500,1B_10K,NimaAra,6,6,8.560,8.583,0.020
13thGenIntelRCoreTMi5-13500,1B_10K,NimaAra,6,12,6.307,6.309,0.002
13thGenIntelRCoreTMi5-13500,1B_10K,noahfalk,6,6,3.537,3.541,0.003
13thGenIntelRCoreTMi5-13500,1B_10K,noahfalk,6,12,2.837,2.849,0.011
13thGenIntelRCoreTMi5-13500,1B_10K,pedrosakuma,6,6,8.299,8.320,0.020
13thGenIntelRCoreTMi5-13500,1B_10K,pedrosakuma,6,12,6.081,6.094,0.015
13thGenIntelRCoreTMi5-13500,1B_10K,royvanrijn,6,6,4.376,4.407,0.048
13thGenIntelRCoreTMi5-13500,1B_10K,royvanrijn,6,12,4.014,4.021,0.012
13thGenIntelRCoreTMi5-13500,1B_10K,stephenvonworley,6,6,3.873,3.889,0.017
13thGenIntelRCoreTMi5-13500,1B_10K,stephenvonworley,6,12,4.060,4.066,0.005
13thGenIntelRCoreTMi5-13500,1B_10K,thomaswue,6,6,4.711,4.722,0.010
13thGenIntelRCoreTMi5-13500,1B_10K,thomaswue,6,12,4.541,4.549,0.009
13thGenIntelRCoreTMi5-13500,1B_10K,xoofx,6,6,6.336,6.472,0.124
13thGenIntelRCoreTMi5-13500,1B_10K,xoofx,6,12,4.714,4.744,0.027
AMDEPYC7R1348-CoreProcessor,1B,abeobk,6,6,1.676,1.700,0.009
AMDEPYC7R1348-CoreProcessor,1B,abeobk,6,12,1.336,1.352,0.005
AMDEPYC7R1348-CoreProcessor,1B,abeobk,12,12,0.924,0.946,0.010
AMDEPYC7R1348-CoreProcessor,1B,abeobk,12,24,0.729,0.741,0.005
AMDEPYC7R1348-CoreProcessor,1B,abeobk,24,24,0.499,0.514,0.005
AMDEPYC7R1348-CoreProcessor,1B,abeobk,24,48,0.406,0.411,0.003
AMDEPYC7R1348-CoreProcessor,1B,abeobk,48,48,0.300,0.318,0.003
AMDEPYC7R1348-CoreProcessor,1B,abeobk,48,96,0.286,0.291,0.002
AMDEPYC7R1348-CoreProcessor,1B,abeobk,96,96,0.307,0.310,0.002
AMDEPYC7R1348-CoreProcessor,1B,abeobk,96,192,0.310,0.317,0.003
AMDEPYC7R1348-CoreProcessor,1B,artsiomkorzun,6,6,1.406,1.416,0.007
AMDEPYC7R1348-CoreProcessor,1B,artsiomkorzun,6,12,1.215,1.224,0.014
AMDEPYC7R1348-CoreProcessor,1B,artsiomkorzun,12,12,0.729,0.773,0.030
AMDEPYC7R1348-CoreProcessor,1B,artsiomkorzun,12,24,0.635,0.643,0.008
AMDEPYC7R1348-CoreProcessor,1B,artsiomkorzun,24,24,0.370,0.372,0.002
AMDEPYC7R1348-CoreProcessor,1B,artsiomkorzun,24,48,0.333,0.336,0.001
AMDEPYC7R1348-CoreProcessor,1B,artsiomkorzun,48,48,0.240,0.245,0.001
AMDEPYC7R1348-CoreProcessor,1B,artsiomkorzun,48,96,0.257,0.266,0.002
AMDEPYC7R1348-CoreProcessor,1B,artsiomkorzun,96,96,0.271,0.278,0.003
AMDEPYC7R1348-CoreProcessor,1B,artsiomkorzun,96,192,0.863,0.870,0.004
AMDEPYC7R1348-CoreProcessor,1B,austindonisan,6,6,0.747,0.766,0.013
AMDEPYC7R1348-CoreProcessor,1B,austindonisan,6,12,0.396,0.408,0.005
AMDEPYC7R1348-CoreProcessor,1B,austindonisan,12,12,0.392,0.406,0.005
AMDEPYC7R1348-CoreProcessor,1B,austindonisan,12,24,0.263,0.273,0.003
AMDEPYC7R1348-CoreProcessor,1B,austindonisan,24,24,0.264,0.271,0.003
AMDEPYC7R1348-CoreProcessor,1B,austindonisan,24,48,0.238,0.241,0.001
AMDEPYC7R1348-CoreProcessor,1B,austindonisan,48,48,0.236,0.239,0.001
AMDEPYC7R1348-CoreProcessor,1B,austindonisan,48,96,0.304,0.305,0.000
AMDEPYC7R1348-CoreProcessor,1B,austindonisan,96,96,0.303,0.305,0.001
AMDEPYC7R1348-CoreProcessor,1B,austindonisan,96,192,0.322,0.324,0.001
AMDEPYC7R1348-CoreProcessor,1B,buybackoff,6,6,1.408,1.439,0.017
AMDEPYC7R1348-CoreProcessor,1B,buybackoff,6,12,1.244,1.249,0.003
AMDEPYC7R1348-CoreProcessor,1B,buybackoff,12,12,0.751,0.782,0.020
AMDEPYC7R1348-CoreProcessor,1B,buybackoff,12,24,0.671,0.686,0.007
AMDEPYC7R1348-CoreProcessor,1B,buybackoff,24,24,0.386,0.398,0.003
AMDEPYC7R1348-CoreProcessor,1B,buybackoff,24,48,0.363,0.365,0.001
AMDEPYC7R1348-CoreProcessor,1B,buybackoff,48,48,0.264,0.269,0.003
AMDEPYC7R1348-CoreProcessor,1B,buybackoff,48,96,0.294,0.299,0.001
AMDEPYC7R1348-CoreProcessor,1B,buybackoff,96,96,0.322,0.326,0.002
AMDEPYC7R1348-CoreProcessor,1B,buybackoff,96,192,0.452,1.153,0.027
AMDEPYC7R1348-CoreProcessor,1B,CameronAavik,6,6,2.221,2.278,0.033
AMDEPYC7R1348-CoreProcessor,1B,CameronAavik,6,12,1.895,1.921,0.013
AMDEPYC7R1348-CoreProcessor,1B,CameronAavik,12,12,1.369,1.450,0.036
AMDEPYC7R1348-CoreProcessor,1B,CameronAavik,12,24,1.240,1.300,0.019
AMDEPYC7R1348-CoreProcessor,1B,CameronAavik,24,24,1.136,1.157,0.005
AMDEPYC7R1348-CoreProcessor,1B,CameronAavik,24,48,0.949,0.975,0.012
AMDEPYC7R1348-CoreProcessor,1B,CameronAavik,48,48,0.866,0.870,0.002
AMDEPYC7R1348-CoreProcessor,1B,CameronAavik,48,96,0.864,0.870,0.003
AMDEPYC7R1348-CoreProcessor,1B,CameronAavik,96,96,0.870,0.873,0.001
AMDEPYC7R1348-CoreProcessor,1B,CameronAavik,96,192,0.868,0.873,0.003
AMDEPYC7R1348-CoreProcessor,1B,dzaima,6,6,1.757,1.815,0.032
AMDEPYC7R1348-CoreProcessor,1B,jerrinot,6,6,1.499,1.548,0.018
AMDEPYC7R1348-CoreProcessor,1B,jerrinot,6,12,1.204,1.225,0.011
AMDEPYC7R1348-CoreProcessor,1B,jerrinot,12,12,0.837,0.869,0.011
AMDEPYC7R1348-CoreProcessor,1B,jerrinot,12,24,0.674,0.683,0.006
AMDEPYC7R1348-CoreProcessor,1B,jerrinot,24,24,0.467,0.483,0.005
AMDEPYC7R1348-CoreProcessor,1B,jerrinot,24,48,0.384,0.393,0.004
AMDEPYC7R1348-CoreProcessor,1B,jerrinot,48,48,0.313,0.323,0.005
AMDEPYC7R1348-CoreProcessor,1B,jerrinot,48,96,0.293,0.300,0.002
AMDEPYC7R1348-CoreProcessor,1B,jerrinot,96,96,0.314,0.321,0.002
AMDEPYC7R1348-CoreProcessor,1B,jerrinot,96,192,0.312,0.319,0.003
AMDEPYC7R1348-CoreProcessor,1B,kpocza,6,6,2.671,2.703,0.013
AMDEPYC7R1348-CoreProcessor,1B,kpocza,6,12,2.157,2.180,0.025
AMDEPYC7R1348-CoreProcessor,1B,kpocza,12,12,1.651,1.821,0.200
AMDEPYC7R1348-CoreProcessor,1B,kpocza,12,24,1.375,1.506,0.064
AMDEPYC7R1348-CoreProcessor,1B,kpocza,24,24,1.080,1.087,0.006
AMDEPYC7R1348-CoreProcessor,1B,kpocza,24,48,0.949,0.956,0.002
AMDEPYC7R1348-CoreProcessor,1B,kpocza,48,48,0.821,0.830,0.005
AMDEPYC7R1348-CoreProcessor,1B,kpocza,48,96,0.797,0.809,0.009
AMDEPYC7R1348-CoreProcessor,1B,kpocza,96,96,0.849,1.025,0.050
AMDEPYC7R1348-CoreProcessor,1B,kpocza,96,192,1.508,1.521,0.006
AMDEPYC7R1348-CoreProcessor,1B,lehuyduc,6,6,1.638,1.672,0.009
AMDEPYC7R1348-CoreProcessor,1B,lehuyduc,6,12,1.152,1.206,0.019
AMDEPYC7R1348-CoreProcessor,1B,lehuyduc,12,12,1.043,1.128,0.015
AMDEPYC7R1348-CoreProcessor,1B,lehuyduc,12,24,0.632,0.725,0.031
AMDEPYC7R1348-CoreProcessor,1B,lehuyduc,24,24,0.480,0.550,0.028
AMDEPYC7R1348-CoreProcessor,1B,lehuyduc,24,48,0.366,0.374,0.006
AMDEPYC7R1348-CoreProcessor,1B,lehuyduc,48,48,0.295,0.310,0.006
AMDEPYC7R1348-CoreProcessor,1B,lehuyduc,48,96,0.265,0.283,0.010
AMDEPYC7R1348-CoreProcessor,1B,lehuyduc,96,96,0.323,0.328,0.003
AMDEPYC7R1348-CoreProcessor,1B,lehuyduc,96,192,0.355,0.366,0.003
AMDEPYC7R1348-CoreProcessor,1B,mtopolnik,6,6,2.049,2.120,0.022
AMDEPYC7R1348-CoreProcessor,1B,mtopolnik,6,12,1.489,1.512,0.015
AMDEPYC7R1348-CoreProcessor,1B,mtopolnik,12,12,1.103,1.304,0.079
AMDEPYC7R1348-CoreProcessor,1B,mtopolnik,12,24,0.841,0.878,0.021
AMDEPYC7R1348-CoreProcessor,1B,mtopolnik,24,24,0.661,0.720,0.021
AMDEPYC7R1348-CoreProcessor,1B,mtopolnik,24,48,0.508,0.533,0.006
AMDEPYC7R1348-CoreProcessor,1B,mtopolnik,48,48,0.382,0.428,0.021
AMDEPYC7R1348-CoreProcessor,1B,mtopolnik,48,96,0.409,0.425,0.006
AMDEPYC7R1348-CoreProcessor,1B,mtopolnik,96,96,0.423,0.443,0.007
AMDEPYC7R1348-CoreProcessor,1B,mtopolnik,96,192,0.705,0.729,0.012
AMDEPYC7R1348-CoreProcessor,1B,mtopolnik-rs,6,6,2.808,2.818,0.005
AMDEPYC7R1348-CoreProcessor,1B,mtopolnik-rs,6,12,2.327,2.331,0.002
AMDEPYC7R1348-CoreProcessor,1B,mtopolnik-rs,12,12,1.700,1.977,0.278
AMDEPYC7R1348-CoreProcessor,1B,mtopolnik-rs,12,24,1.459,1.507,0.072
AMDEPYC7R1348-CoreProcessor,1B,mtopolnik-rs,24,24,1.110,1.120,0.010
AMDEPYC7R1348-CoreProcessor,1B,mtopolnik-rs,24,48,1.011,1.016,0.006
AMDEPYC7R1348-CoreProcessor,1B,mtopolnik-rs,48,48,0.874,0.929,0.031
AMDEPYC7R1348-CoreProcessor,1B,mtopolnik-rs,48,96,0.860,0.884,0.011
AMDEPYC7R1348-CoreProcessor,1B,mtopolnik-rs,96,96,0.810,0.822,0.007
AMDEPYC7R1348-CoreProcessor,1B,mtopolnik-rs,96,192,0.900,0.913,0.005
AMDEPYC7R1348-CoreProcessor,1B,nietras,6,6,2.520,3.633,0.011
AMDEPYC7R1348-CoreProcessor,1B,nietras,6,12,2.167,2.194,0.007
AMDEPYC7R1348-CoreProcessor,1B,nietras,12,12,2.051,2.424,0.217
AMDEPYC7R1348-CoreProcessor,1B,nietras,12,24,1.399,1.538,0.074
AMDEPYC7R1348-CoreProcessor,1B,nietras,24,24,1.308,1.319,0.003
AMDEPYC7R1348-CoreProcessor,1B,nietras,24,48,0.954,0.963,0.003
AMDEPYC7R1348-CoreProcessor,1B,nietras,48,48,0.924,0.933,0.007
AMDEPYC7R1348-CoreProcessor,1B,nietras,48,96,0.791,0.803,0.008
AMDEPYC7R1348-CoreProcessor,1B,nietras,96,96,0.853,0.876,0.006
AMDEPYC7R1348-CoreProcessor,1B,nietras,96,192,0.872,0.889,0.006
AMDEPYC7R1348-CoreProcessor,1B,NimaAra,6,6,4.302,4.351,0.027
AMDEPYC7R1348-CoreProcessor,1B,NimaAra,6,12,3.512,3.522,0.002
AMDEPYC7R1348-CoreProcessor,1B,NimaAra,12,12,2.478,2.497,0.016
AMDEPYC7R1348-CoreProcessor,1B,NimaAra,12,24,2.074,2.086,0.015
AMDEPYC7R1348-CoreProcessor,1B,NimaAra,24,24,1.502,1.506,0.001
AMDEPYC7R1348-CoreProcessor,1B,NimaAra,24,48,1.306,1.312,0.001
AMDEPYC7R1348-CoreProcessor,1B,NimaAra,48,48,1.058,1.064,0.002
AMDEPYC7R1348-CoreProcessor,1B,NimaAra,48,96,1.007,1.012,0.002
AMDEPYC7R1348-CoreProcessor,1B,NimaAra,96,96,0.845,0.867,0.016
AMDEPYC7R1348-CoreProcessor,1B,NimaAra,96,192,0.891,0.906,0.010
AMDEPYC7R1348-CoreProcessor,1B,noahfalk,6,6,0.939,0.952,0.009
AMDEPYC7R1348-CoreProcessor,1B,noahfalk,6,12,0.856,0.932,0.025
AMDEPYC7R1348-CoreProcessor,1B,noahfalk,12,12,0.512,0.564,0.028
AMDEPYC7R1348-CoreProcessor,1B,noahfalk,12,24,0.504,0.529,0.006
AMDEPYC7R1348-CoreProcessor,1B,noahfalk,24,24,0.326,0.339,0.004
AMDEPYC7R1348-CoreProcessor,1B,noahfalk,24,48,0.334,0.343,0.003
AMDEPYC7R1348-CoreProcessor,1B,noahfalk,48,48,0.293,0.302,0.003
AMDEPYC7R1348-CoreProcessor,1B,noahfalk,48,96,0.311,0.322,0.007
AMDEPYC7R1348-CoreProcessor,1B,noahfalk,96,96,0.360,0.378,0.008
AMDEPYC7R1348-CoreProcessor,1B,noahfalk,96,192,0.359,0.383,0.008
AMDEPYC7R1348-CoreProcessor,1B,pedrosakuma,6,6,5.075,5.092,0.004
AMDEPYC7R1348-CoreProcessor,1B,pedrosakuma,6,12,4.119,4.133,0.010
AMDEPYC7R1348-CoreProcessor,1B,pedrosakuma,12,12,3.095,3.298,0.217
AMDEPYC7R1348-CoreProcessor,1B,pedrosakuma,12,24,2.699,2.794,0.059
AMDEPYC7R1348-CoreProcessor,1B,pedrosakuma,24,24,2.117,2.119,0.003
AMDEPYC7R1348-CoreProcessor,1B,pedrosakuma,24,48,2.195,2.206,0.006
AMDEPYC7R1348-CoreProcessor,1B,pedrosakuma,48,48,2.041,2.047,0.000
AMDEPYC7R1348-CoreProcessor,1B,pedrosakuma,48,96,2.764,2.778,0.001
AMDEPYC7R1348-CoreProcessor,1B,pedrosakuma,96,96,3.113,3.151,0.007
AMDEPYC7R1348-CoreProcessor,1B,pedrosakuma,96,192,4.241,4.252,0.006
AMDEPYC7R1348-CoreProcessor,1B,royvanrijn,6,6,2.066,2.096,0.017
AMDEPYC7R1348-CoreProcessor,1B,royvanrijn,6,12,1.385,1.403,0.010
AMDEPYC7R1348-CoreProcessor,1B,royvanrijn,12,12,1.161,1.174,0.007
AMDEPYC7R1348-CoreProcessor,1B,royvanrijn,12,24,0.777,0.792,0.006
AMDEPYC7R1348-CoreProcessor,1B,royvanrijn,24,24,0.638,0.652,0.005
AMDEPYC7R1348-CoreProcessor,1B,royvanrijn,24,48,0.448,0.461,0.006
AMDEPYC7R1348-CoreProcessor,1B,royvanrijn,48,48,0.376,0.398,0.007
AMDEPYC7R1348-CoreProcessor,1B,royvanrijn,48,96,0.337,0.346,0.005
AMDEPYC7R1348-CoreProcessor,1B,royvanrijn,96,96,0.365,0.382,0.005
AMDEPYC7R1348-CoreProcessor,1B,royvanrijn,96,192,0.428,0.444,0.006
AMDEPYC7R1348-CoreProcessor,1B,stephenvonworley,6,6,1.758,1.763,0.003
AMDEPYC7R1348-CoreProcessor,1B,stephenvonworley,6,12,1.364,1.367,0.005
AMDEPYC7R1348-CoreProcessor,1B,stephenvonworley,12,12,0.925,0.971,0.038
AMDEPYC7R1348-CoreProcessor,1B,stephenvonworley,12,24,0.717,0.738,0.015
AMDEPYC7R1348-CoreProcessor,1B,stephenvonworley,24,24,0.474,0.482,0.001
AMDEPYC7R1348-CoreProcessor,1B,stephenvonworley,24,48,0.383,0.386,0.001
AMDEPYC7R1348-CoreProcessor,1B,stephenvonworley,48,48,0.280,0.283,0.002
AMDEPYC7R1348-CoreProcessor,1B,stephenvonworley,48,96,0.278,0.287,0.001
AMDEPYC7R1348-CoreProcessor,1B,stephenvonworley,96,96,0.294,0.300,0.002
AMDEPYC7R1348-CoreProcessor,1B,stephenvonworley,96,192,0.356,0.367,0.004
AMDEPYC7R1348-CoreProcessor,1B,thomaswue,6,6,1.328,1.336,0.004
AMDEPYC7R1348-CoreProcessor,1B,thomaswue,6,12,1.160,1.163,0.002
AMDEPYC7R1348-CoreProcessor,1B,thomaswue,12,12,0.683,0.705,0.008
AMDEPYC7R1348-CoreProcessor,1B,thomaswue,12,24,0.598,0.610,0.004
AMDEPYC7R1348-CoreProcessor,1B,thomaswue,24,24,0.347,0.351,0.001
AMDEPYC7R1348-CoreProcessor,1B,thomaswue,24,48,0.313,0.316,0.001
AMDEPYC7R1348-CoreProcessor,1B,thomaswue,48,48,0.237,0.241,0.001
AMDEPYC7R1348-CoreProcessor,1B,thomaswue,48,96,0.252,0.257,0.001
AMDEPYC7R1348-CoreProcessor,1B,thomaswue,96,96,0.260,0.267,0.002
AMDEPYC7R1348-CoreProcessor,1B,thomaswue,96,192,0.326,0.332,0.002
AMDEPYC7R1348-CoreProcessor,1B,xoofx,6,6,2.209,2.352,0.054
AMDEPYC7R1348-CoreProcessor,1B,xoofx,6,12,1.788,1.801,0.007
AMDEPYC7R1348-CoreProcessor,1B,xoofx,12,12,1.245,1.713,0.087
AMDEPYC7R1348-CoreProcessor,1B,xoofx,12,24,0.985,1.167,0.052
AMDEPYC7R1348-CoreProcessor,1B,xoofx,24,24,0.607,0.633,0.009
AMDEPYC7R1348-CoreProcessor,1B,xoofx,24,48,0.490,0.516,0.009
AMDEPYC7R1348-CoreProcessor,1B,xoofx,48,48,0.340,0.356,0.011
AMDEPYC7R1348-CoreProcessor,1B,xoofx,48,96,0.363,0.389,0.010
AMDEPYC7R1348-CoreProcessor,1B,xoofx,96,96,0.328,0.336,0.003
AMDEPYC7R1348-CoreProcessor,1B,xoofx,96,192,0.319,0.345,0.009
AMDEPYC7R1348-CoreProcessor,1B_10K,abeobk,12,12,4.102,4.185,0.068
AMDEPYC7R1348-CoreProcessor,1B_10K,abeobk,12,24,2.893,2.947,0.050
AMDEPYC7R1348-CoreProcessor,1B_10K,abeobk,24,24,1.961,1.978,0.014
AMDEPYC7R1348-CoreProcessor,1B_10K,abeobk,24,48,1.348,1.362,0.006
AMDEPYC7R1348-CoreProcessor,1B_10K,abeobk,48,48,0.928,0.941,0.006
AMDEPYC7R1348-CoreProcessor,1B_10K,abeobk,48,96,0.692,0.703,0.006
AMDEPYC7R1348-CoreProcessor,1B_10K,abeobk,96,96,0.529,0.536,0.005
AMDEPYC7R1348-CoreProcessor,1B_10K,abeobk,96,192,0.417,0.420,0.002
AMDEPYC7R1348-CoreProcessor,1B_10K,artsiomkorzun,12,12,1.412,1.451,0.029
AMDEPYC7R1348-CoreProcessor,1B_10K,artsiomkorzun,12,24,1.132,1.152,0.009
AMDEPYC7R1348-CoreProcessor,1B_10K,artsiomkorzun,24,24,0.727,0.732,0.004
AMDEPYC7R1348-CoreProcessor,1B_10K,artsiomkorzun,24,48,0.611,0.618,0.004
AMDEPYC7R1348-CoreProcessor,1B_10K,artsiomkorzun,48,48,0.490,0.491,0.001
AMDEPYC7R1348-CoreProcessor,1B_10K,artsiomkorzun,48,96,0.499,0.502,0.001
AMDEPYC7R1348-CoreProcessor,1B_10K,artsiomkorzun,96,96,0.353,0.360,0.003
AMDEPYC7R1348-CoreProcessor,1B_10K,artsiomkorzun,96,192,1.087,1.097,0.005
AMDEPYC7R1348-CoreProcessor,1B_10K,austindonisan,12,12,1.105,1.122,0.009
AMDEPYC7R1348-CoreProcessor,1B_10K,austindonisan,12,24,0.627,0.637,0.007
AMDEPYC7R1348-CoreProcessor,1B_10K,austindonisan,24,24,0.620,0.637,0.003
AMDEPYC7R1348-CoreProcessor,1B_10K,austindonisan,24,48,0.433,0.441,0.005
AMDEPYC7R1348-CoreProcessor,1B_10K,austindonisan,48,48,0.421,0.434,0.001
AMDEPYC7R1348-CoreProcessor,1B_10K,austindonisan,48,96,0.330,0.333,0.003
AMDEPYC7R1348-CoreProcessor,1B_10K,austindonisan,96,96,0.329,0.331,0.001
AMDEPYC7R1348-CoreProcessor,1B_10K,austindonisan,96,192,0.484,0.490,0.003
AMDEPYC7R1348-CoreProcessor,1B_10K,buybackoff,12,12,1.557,1.614,0.039
AMDEPYC7R1348-CoreProcessor,1B_10K,buybackoff,12,24,1.515,1.529,0.003
AMDEPYC7R1348-CoreProcessor,1B_10K,buybackoff,24,24,0.810,0.825,0.002
AMDEPYC7R1348-CoreProcessor,1B_10K,buybackoff,24,48,0.827,0.831,0.002
AMDEPYC7R1348-CoreProcessor,1B_10K,buybackoff,48,48,0.545,0.549,0.002
AMDEPYC7R1348-CoreProcessor,1B_10K,buybackoff,48,96,0.595,0.598,0.002
AMDEPYC7R1348-CoreProcessor,1B_10K,buybackoff,96,96,0.448,0.457,0.005
AMDEPYC7R1348-CoreProcessor,1B_10K,buybackoff,96,192,0.605,0.613,0.003
AMDEPYC7R1348-CoreProcessor,1B_10K,CameronAavik,12,12,3.802,3.826,0.007
AMDEPYC7R1348-CoreProcessor,1B_10K,CameronAavik,12,24,3.519,3.545,0.016
AMDEPYC7R1348-CoreProcessor,1B_10K,CameronAavik,24,24,2.794,2.809,0.007
AMDEPYC7R1348-CoreProcessor,1B_10K,CameronAavik,24,48,2.217,2.242,0.006
AMDEPYC7R1348-CoreProcessor,1B_10K,CameronAavik,48,48,1.847,1.855,0.006
AMDEPYC7R1348-CoreProcessor,1B_10K,CameronAavik,48,96,1.850,1.863,0.005
AMDEPYC7R1348-CoreProcessor,1B_10K,CameronAavik,96,96,1.842,1.857,0.009
AMDEPYC7R1348-CoreProcessor,1B_10K,CameronAavik,96,192,1.846,1.855,0.007
AMDEPYC7R1348-CoreProcessor,1B_10K,jerrinot,12,12,2.963,3.135,0.060
AMDEPYC7R1348-CoreProcessor,1B_10K,jerrinot,12,24,2.533,2.580,0.031
AMDEPYC7R1348-CoreProcessor,1B_10K,jerrinot,24,24,2.059,2.091,0.011
AMDEPYC7R1348-CoreProcessor,1B_10K,jerrinot,24,48,1.730,1.752,0.013
AMDEPYC7R1348-CoreProcessor,1B_10K,jerrinot,48,48,1.548,1.566,0.007
AMDEPYC7R1348-CoreProcessor,1B_10K,jerrinot,48,96,1.457,1.474,0.009
AMDEPYC7R1348-CoreProcessor,1B_10K,jerrinot,96,96,1.456,1.478,0.014
AMDEPYC7R1348-CoreProcessor,1B_10K,jerrinot,96,192,1.410,1.433,0.008
AMDEPYC7R1348-CoreProcessor,1B_10K,kpocza,12,12,2.521,3.235,0.184
AMDEPYC7R1348-CoreProcessor,1B_10K,kpocza,12,24,2.289,2.520,0.068
AMDEPYC7R1348-CoreProcessor,1B_10K,kpocza,24,24,1.594,1.599,0.005
AMDEPYC7R1348-CoreProcessor,1B_10K,kpocza,24,48,1.469,1.481,0.015
AMDEPYC7R1348-CoreProcessor,1B_10K,kpocza,48,48,1.183,1.196,0.008
AMDEPYC7R1348-CoreProcessor,1B_10K,kpocza,48,96,1.184,1.201,0.015
AMDEPYC7R1348-CoreProcessor,1B_10K,kpocza,96,96,1.029,1.345,0.035
AMDEPYC7R1348-CoreProcessor,1B_10K,kpocza,96,192,1.846,1.855,0.005
AMDEPYC7R1348-CoreProcessor,1B_10K,lehuyduc,12,12,1.312,1.409,0.031
AMDEPYC7R1348-CoreProcessor,1B_10K,lehuyduc,12,24,1.005,1.046,0.009
AMDEPYC7R1348-CoreProcessor,1B_10K,lehuyduc,24,24,0.750,0.789,0.019
AMDEPYC7R1348-CoreProcessor,1B_10K,lehuyduc,24,48,0.617,0.664,0.042
AMDEPYC7R1348-CoreProcessor,1B_10K,lehuyduc,48,48,0.442,0.460,0.011
AMDEPYC7R1348-CoreProcessor,1B_10K,lehuyduc,48,96,0.488,0.515,0.015
AMDEPYC7R1348-CoreProcessor,1B_10K,lehuyduc,96,96,0.408,0.418,0.003
AMDEPYC7R1348-CoreProcessor,1B_10K,lehuyduc,96,192,0.525,0.539,0.004
AMDEPYC7R1348-CoreProcessor,1B_10K,mtopolnik,12,12,1.653,1.808,0.117
AMDEPYC7R1348-CoreProcessor,1B_10K,mtopolnik,12,24,1.369,1.398,0.024
AMDEPYC7R1348-CoreProcessor,1B_10K,mtopolnik,24,24,1.008,1.082,0.043
AMDEPYC7R1348-CoreProcessor,1B_10K,mtopolnik,24,48,1.168,1.189,0.022
AMDEPYC7R1348-CoreProcessor,1B_10K,mtopolnik,48,48,0.915,0.964,0.026
AMDEPYC7R1348-CoreProcessor,1B_10K,mtopolnik,48,96,2.185,2.269,0.029
AMDEPYC7R1348-CoreProcessor,1B_10K,mtopolnik,96,96,2.160,2.205,0.016
AMDEPYC7R1348-CoreProcessor,1B_10K,mtopolnik,96,192,7.296,7.438,0.095
AMDEPYC7R1348-CoreProcessor,1B_10K,mtopolnik-rs,12,12,2.583,2.590,0.006
AMDEPYC7R1348-CoreProcessor,1B_10K,mtopolnik-rs,12,24,2.239,2.273,0.066
AMDEPYC7R1348-CoreProcessor,1B_10K,mtopolnik-rs,24,24,1.630,1.641,0.009
AMDEPYC7R1348-CoreProcessor,1B_10K,mtopolnik-rs,24,48,1.492,1.498,0.007
AMDEPYC7R1348-CoreProcessor,1B_10K,mtopolnik-rs,48,48,1.227,1.248,0.023
AMDEPYC7R1348-CoreProcessor,1B_10K,mtopolnik-rs,48,96,1.235,1.278,0.022
AMDEPYC7R1348-CoreProcessor,1B_10K,mtopolnik-rs,96,96,1.176,1.183,0.006
AMDEPYC7R1348-CoreProcessor,1B_10K,mtopolnik-rs,96,192,1.436,1.470,0.023
AMDEPYC7R1348-CoreProcessor,1B_10K,nietras,12,12,2.787,3.646,0.053
AMDEPYC7R1348-CoreProcessor,1B_10K,nietras,12,24,2.059,2.464,0.052
AMDEPYC7R1348-CoreProcessor,1B_10K,nietras,24,24,1.697,1.700,0.002
AMDEPYC7R1348-CoreProcessor,1B_10K,nietras,24,48,1.369,1.376,0.007
AMDEPYC7R1348-CoreProcessor,1B_10K,nietras,48,48,1.195,1.206,0.004
AMDEPYC7R1348-CoreProcessor,1B_10K,nietras,48,96,1.098,1.103,0.003
AMDEPYC7R1348-CoreProcessor,1B_10K,nietras,96,96,0.988,1.012,0.012
AMDEPYC7R1348-CoreProcessor,1B_10K,nietras,96,192,1.140,1.147,0.006
AMDEPYC7R1348-CoreProcessor,1B_10K,NimaAra,12,12,3.449,3.671,0.380
AMDEPYC7R1348-CoreProcessor,1B_10K,NimaAra,12,24,2.846,2.866,0.033
AMDEPYC7R1348-CoreProcessor,1B_10K,NimaAra,24,24,2.075,2.091,0.021
AMDEPYC7R1348-CoreProcessor,1B_10K,NimaAra,24,48,1.811,1.815,0.004
AMDEPYC7R1348-CoreProcessor,1B_10K,NimaAra,48,48,1.459,1.468,0.010
AMDEPYC7R1348-CoreProcessor,1B_10K,NimaAra,48,96,1.403,1.414,0.009
AMDEPYC7R1348-CoreProcessor,1B_10K,NimaAra,96,96,1.190,1.194,0.005
AMDEPYC7R1348-CoreProcessor,1B_10K,NimaAra,96,192,1.301,1.320,0.022
AMDEPYC7R1348-CoreProcessor,1B_10K,noahfalk,12,12,1.636,1.653,0.019
AMDEPYC7R1348-CoreProcessor,1B_10K,noahfalk,12,24,1.294,1.309,0.006
AMDEPYC7R1348-CoreProcessor,1B_10K,noahfalk,24,24,0.937,0.949,0.007
AMDEPYC7R1348-CoreProcessor,1B_10K,noahfalk,24,48,0.891,0.907,0.008
AMDEPYC7R1348-CoreProcessor,1B_10K,noahfalk,48,48,0.771,0.796,0.006
AMDEPYC7R1348-CoreProcessor,1B_10K,noahfalk,48,96,1.120,1.133,0.011
AMDEPYC7R1348-CoreProcessor,1B_10K,noahfalk,96,96,1.071,1.128,0.040
AMDEPYC7R1348-CoreProcessor,1B_10K,noahfalk,96,192,2.122,2.213,0.046
AMDEPYC7R1348-CoreProcessor,1B_10K,pedrosakuma,12,12,4.371,4.430,0.060
AMDEPYC7R1348-CoreProcessor,1B_10K,pedrosakuma,12,24,3.705,3.814,0.101
AMDEPYC7R1348-CoreProcessor,1B_10K,pedrosakuma,24,24,2.911,2.920,0.009
AMDEPYC7R1348-CoreProcessor,1B_10K,pedrosakuma,24,48,2.929,2.946,0.009
AMDEPYC7R1348-CoreProcessor,1B_10K,pedrosakuma,48,48,2.675,2.691,0.006
AMDEPYC7R1348-CoreProcessor,1B_10K,pedrosakuma,48,96,1.370,1.379,0.010
AMDEPYC7R1348-CoreProcessor,1B_10K,pedrosakuma,96,96,1.376,1.407,0.009
AMDEPYC7R1348-CoreProcessor,1B_10K,pedrosakuma,96,192,2.098,2.122,0.011
AMDEPYC7R1348-CoreProcessor,1B_10K,royvanrijn,12,12,1.354,1.942,0.785
AMDEPYC7R1348-CoreProcessor,1B_10K,royvanrijn,12,24,0.948,1.621,1.058
AMDEPYC7R1348-CoreProcessor,1B_10K,stephenvonworley,12,12,1.493,1.582,0.087
AMDEPYC7R1348-CoreProcessor,1B_10K,stephenvonworley,12,24,1.284,1.296,0.014
AMDEPYC7R1348-CoreProcessor,1B_10K,stephenvonworley,24,24,0.841,0.844,0.002
AMDEPYC7R1348-CoreProcessor,1B_10K,stephenvonworley,24,48,0.822,0.824,0.002
AMDEPYC7R1348-CoreProcessor,1B_10K,stephenvonworley,48,48,0.685,0.687,0.001
AMDEPYC7R1348-CoreProcessor,1B_10K,stephenvonworley,48,96,0.868,0.873,0.002
AMDEPYC7R1348-CoreProcessor,1B_10K,stephenvonworley,96,96,0.766,0.774,0.004
AMDEPYC7R1348-CoreProcessor,1B_10K,stephenvonworley,96,192,1.244,1.250,0.002
AMDEPYC7R1348-CoreProcessor,1B_10K,thomaswue,12,12,2.275,2.353,0.062
AMDEPYC7R1348-CoreProcessor,1B_10K,thomaswue,12,24,2.013,2.037,0.013
AMDEPYC7R1348-CoreProcessor,1B_10K,thomaswue,24,24,1.219,1.228,0.004
AMDEPYC7R1348-CoreProcessor,1B_10K,thomaswue,24,48,1.180,1.186,0.003
AMDEPYC7R1348-CoreProcessor,1B_10K,thomaswue,48,48,0.761,0.764,0.002
AMDEPYC7R1348-CoreProcessor,1B_10K,thomaswue,48,96,0.900,0.905,0.003
AMDEPYC7R1348-CoreProcessor,1B_10K,thomaswue,96,96,0.681,0.697,0.003
AMDEPYC7R1348-CoreProcessor,1B_10K,thomaswue,96,192,1.044,1.071,0.016
AMDEPYC7R1348-CoreProcessor,1B_10K,xoofx,12,12,2.297,2.335,0.040
AMDEPYC7R1348-CoreProcessor,1B_10K,xoofx,12,24,1.748,1.772,0.026
AMDEPYC7R1348-CoreProcessor,1B_10K,xoofx,24,24,1.206,1.212,0.006
AMDEPYC7R1348-CoreProcessor,1B_10K,xoofx,24,48,0.969,0.971,0.002
AMDEPYC7R1348-CoreProcessor,1B_10K,xoofx,48,48,0.708,0.714,0.005
AMDEPYC7R1348-CoreProcessor,1B_10K,xoofx,48,96,0.684,0.728,0.026
AMDEPYC7R1348-CoreProcessor,1B_10K,xoofx,96,96,0.545,0.597,0.032
AMDEPYC7R1348-CoreProcessor,1B_10K,xoofx,96,192,0.639,0.700,0.016
AMDEPYC9374F32-CoreProcessor,1B,abeobk,4,4,2.261,2.278,0.013
AMDEPYC9374F32-CoreProcessor,1B,abeobk,4,8,1.541,1.546,0.004
AMDEPYC9374F32-CoreProcessor,1B,abeobk,8,8,1.131,1.139,0.003
AMDEPYC9374F32-CoreProcessor,1B,abeobk,8,16,0.774,0.777,0.003
AMDEPYC9374F32-CoreProcessor,1B,abeobk,16,16,0.573,0.575,0.001
AMDEPYC9374F32-CoreProcessor,1B,abeobk,16,32,0.392,0.395,0.001
AMDEPYC9374F32-CoreProcessor,1B,abeobk,32,32,0.292,0.297,0.002
AMDEPYC9374F32-CoreProcessor,1B,abeobk,32,64,0.290,0.296,0.002
AMDEPYC9374F32-CoreProcessor,1B,abeobk,64,64,0.294,0.295,0.000
AMDEPYC9374F32-CoreProcessor,1B,abeobk,64,128,0.294,0.295,0.000
AMDEPYC9374F32-CoreProcessor,1B,artsiomkorzun,4,4,1.902,1.912,0.009
AMDEPYC9374F32-CoreProcessor,1B,artsiomkorzun,4,8,1.388,1.392,0.004
AMDEPYC9374F32-CoreProcessor,1B,artsiomkorzun,8,8,0.960,0.964,0.005
AMDEPYC9374F32-CoreProcessor,1B,artsiomkorzun,8,16,0.700,0.702,0.001
AMDEPYC9374F32-CoreProcessor,1B,artsiomkorzun,16,16,0.490,0.493,0.002
AMDEPYC9374F32-CoreProcessor,1B,artsiomkorzun,16,32,0.362,0.363,0.001
AMDEPYC9374F32-CoreProcessor,1B,artsiomkorzun,32,32,0.258,0.260,0.002
AMDEPYC9374F32-CoreProcessor,1B,artsiomkorzun,32,64,0.193,0.193,0.000
AMDEPYC9374F32-CoreProcessor,1B,artsiomkorzun,64,64,0.148,0.152,0.002
AMDEPYC9374F32-CoreProcessor,1B,artsiomkorzun,64,128,0.319,0.325,0.003
AMDEPYC9374F32-CoreProcessor,1B,austindonisan,4,4,0.913,0.943,0.036
AMDEPYC9374F32-CoreProcessor,1B,austindonisan,4,8,0.463,0.476,0.017
AMDEPYC9374F32-CoreProcessor,1B,austindonisan,8,8,0.456,0.468,0.008
AMDEPYC9374F32-CoreProcessor,1B,austindonisan,8,16,0.234,0.244,0.013
AMDEPYC9374F32-CoreProcessor,1B,austindonisan,16,16,0.231,0.239,0.004
AMDEPYC9374F32-CoreProcessor,1B,austindonisan,16,32,0.123,0.125,0.001
AMDEPYC9374F32-CoreProcessor,1B,austindonisan,32,32,0.120,0.127,0.004
AMDEPYC9374F32-CoreProcessor,1B,austindonisan,32,64,0.075,0.081,0.009
AMDEPYC9374F32-CoreProcessor,1B,austindonisan,64,64,0.074,0.081,0.004
AMDEPYC9374F32-CoreProcessor,1B,austindonisan,64,128,0.066,0.070,0.003
AMDEPYC9374F32-CoreProcessor,1B,buybackoff,4,4,2.174,2.207,0.011
AMDEPYC9374F32-CoreProcessor,1B,buybackoff,4,8,1.626,1.637,0.005
AMDEPYC9374F32-CoreProcessor,1B,buybackoff,8,8,1.098,1.111,0.009
AMDEPYC9374F32-CoreProcessor,1B,buybackoff,8,16,0.824,0.828,0.002
AMDEPYC9374F32-CoreProcessor,1B,buybackoff,16,16,0.562,0.567,0.003
AMDEPYC9374F32-CoreProcessor,1B,buybackoff,16,32,0.428,0.431,0.002
AMDEPYC9374F32-CoreProcessor,1B,buybackoff,32,32,0.300,0.304,0.002
AMDEPYC9374F32-CoreProcessor,1B,buybackoff,32,64,0.241,0.243,0.001
AMDEPYC9374F32-CoreProcessor,1B,buybackoff,64,64,0.190,0.198,0.004
AMDEPYC9374F32-CoreProcessor,1B,buybackoff,64,128,0.214,0.221,0.003
AMDEPYC9374F32-CoreProcessor,1B,CameronAavik,4,4,2.640,2.674,0.023
AMDEPYC9374F32-CoreProcessor,1B,CameronAavik,4,8,1.861,1.883,0.015
AMDEPYC9374F32-CoreProcessor,1B,CameronAavik,8,8,1.370,1.412,0.015
AMDEPYC9374F32-CoreProcessor,1B,CameronAavik,8,16,1.015,1.026,0.009
AMDEPYC9374F32-CoreProcessor,1B,CameronAavik,16,16,0.777,0.788,0.009
AMDEPYC9374F32-CoreProcessor,1B,CameronAavik,16,32,0.589,0.598,0.007
AMDEPYC9374F32-CoreProcessor,1B,CameronAavik,32,32,0.475,0.485,0.008
AMDEPYC9374F32-CoreProcessor,1B,CameronAavik,32,64,0.474,0.522,0.028
AMDEPYC9374F32-CoreProcessor,1B,CameronAavik,64,64,0.481,0.483,0.001
AMDEPYC9374F32-CoreProcessor,1B,CameronAavik,64,128,0.482,0.483,0.001
AMDEPYC9374F32-CoreProcessor,1B,dzaima,4,4,2.470,2.506,0.013
AMDEPYC9374F32-CoreProcessor,1B,dzaima,4,8,1.559,1.594,0.031
AMDEPYC9374F32-CoreProcessor,1B,dzaima,8,8,1.241,1.269,0.017
AMDEPYC9374F32-CoreProcessor,1B,jerrinot,4,4,1.861,1.878,0.012
AMDEPYC9374F32-CoreProcessor,1B,jerrinot,4,8,1.412,1.419,0.006
AMDEPYC9374F32-CoreProcessor,1B,jerrinot,8,8,0.939,0.943,0.003
AMDEPYC9374F32-CoreProcessor,1B,jerrinot,8,16,0.712,0.714,0.002
AMDEPYC9374F32-CoreProcessor,1B,jerrinot,16,16,0.478,0.481,0.002
AMDEPYC9374F32-CoreProcessor,1B,jerrinot,16,32,0.362,0.363,0.001
AMDEPYC9374F32-CoreProcessor,1B,jerrinot,32,32,0.246,0.251,0.003
AMDEPYC9374F32-CoreProcessor,1B,jerrinot,32,64,0.246,0.253,0.004
AMDEPYC9374F32-CoreProcessor,1B,jerrinot,64,64,0.248,0.249,0.000
AMDEPYC9374F32-CoreProcessor,1B,jerrinot,64,128,0.248,0.250,0.001
AMDEPYC9374F32-CoreProcessor,1B,kpocza,4,4,3.263,3.340,0.029
AMDEPYC9374F32-CoreProcessor,1B,kpocza,4,8,2.475,2.518,0.032
AMDEPYC9374F32-CoreProcessor,1B,kpocza,8,8,1.707,1.754,0.026
AMDEPYC9374F32-CoreProcessor,1B,kpocza,8,16,1.321,1.343,0.014
AMDEPYC9374F32-CoreProcessor,1B,kpocza,16,16,0.940,0.957,0.017
AMDEPYC9374F32-CoreProcessor,1B,kpocza,16,32,0.740,0.750,0.010
AMDEPYC9374F32-CoreProcessor,1B,kpocza,32,32,0.552,0.569,0.009
AMDEPYC9374F32-CoreProcessor,1B,kpocza,32,64,0.460,0.465,0.005
AMDEPYC9374F32-CoreProcessor,1B,kpocza,64,64,0.381,0.395,0.013
AMDEPYC9374F32-CoreProcessor,1B,kpocza,64,128,0.359,0.370,0.006
AMDEPYC9374F32-CoreProcessor,1B,lehuyduc,4,4,2.114,2.174,0.045
AMDEPYC9374F32-CoreProcessor,1B,lehuyduc,4,8,1.430,1.450,0.020
AMDEPYC9374F32-CoreProcessor,1B,lehuyduc,8,8,1.087,1.121,0.015
AMDEPYC9374F32-CoreProcessor,1B,lehuyduc,8,16,0.747,0.771,0.020
AMDEPYC9374F32-CoreProcessor,1B,lehuyduc,16,16,0.567,0.595,0.018
AMDEPYC9374F32-CoreProcessor,1B,lehuyduc,16,32,0.410,0.423,0.010
AMDEPYC9374F32-CoreProcessor,1B,lehuyduc,32,32,0.305,0.342,0.020
AMDEPYC9374F32-CoreProcessor,1B,lehuyduc,32,64,0.242,0.248,0.003
AMDEPYC9374F32-CoreProcessor,1B,lehuyduc,64,64,0.189,0.211,0.012
AMDEPYC9374F32-CoreProcessor,1B,lehuyduc,64,128,0.154,0.159,0.003
AMDEPYC9374F32-CoreProcessor,1B,mtopolnik,4,4,2.643,2.694,0.029
AMDEPYC9374F32-CoreProcessor,1B,mtopolnik,4,8,1.813,1.834,0.013
AMDEPYC9374F32-CoreProcessor,1B,mtopolnik,8,8,1.359,1.377,0.012
AMDEPYC9374F32-CoreProcessor,1B,mtopolnik,8,16,0.941,0.962,0.010
AMDEPYC9374F32-CoreProcessor,1B,mtopolnik,16,16,0.705,0.730,0.009
AMDEPYC9374F32-CoreProcessor,1B,mtopolnik,16,32,0.520,0.535,0.007
AMDEPYC9374F32-CoreProcessor,1B,mtopolnik,32,32,0.385,0.422,0.008
AMDEPYC9374F32-CoreProcessor,1B,mtopolnik,32,64,0.348,0.358,0.004
AMDEPYC9374F32-CoreProcessor,1B,mtopolnik,64,64,0.290,0.320,0.013
AMDEPYC9374F32-CoreProcessor,1B,mtopolnik,64,128,0.390,0.415,0.008
AMDEPYC9374F32-CoreProcessor,1B,mtopolnik-rs,4,4,3.484,3.540,0.032
AMDEPYC9374F32-CoreProcessor,1B,mtopolnik-rs,4,8,2.487,2.517,0.019
AMDEPYC9374F32-CoreProcessor,1B,mtopolnik-rs,8,8,1.817,1.856,0.025
AMDEPYC9374F32-CoreProcessor,1B,mtopolnik-rs,8,16,1.321,1.339,0.017
AMDEPYC9374F32-CoreProcessor,1B,mtopolnik-rs,16,16,0.996,1.047,0.026
AMDEPYC9374F32-CoreProcessor,1B,mtopolnik-rs,16,32,0.749,0.790,0.023
AMDEPYC9374F32-CoreProcessor,1B,mtopolnik-rs,32,32,0.621,0.688,0.037
AMDEPYC9374F32-CoreProcessor,1B,mtopolnik-rs,32,64,0.520,0.545,0.006
AMDEPYC9374F32-CoreProcessor,1B,mtopolnik-rs,64,64,0.482,0.497,0.005
AMDEPYC9374F32-CoreProcessor,1B,mtopolnik-rs,64,128,0.404,0.420,0.004
AMDEPYC9374F32-CoreProcessor,1B,nietras,4,4,2.866,4.154,0.253
AMDEPYC9374F32-CoreProcessor,1B,nietras,4,8,2.198,2.252,0.056
AMDEPYC9374F32-CoreProcessor,1B,nietras,8,8,1.503,2.194,0.032
AMDEPYC9374F32-CoreProcessor,1B,nietras,8,16,1.178,1.216,0.029
AMDEPYC9374F32-CoreProcessor,1B,nietras,16,16,1.157,1.190,0.016
AMDEPYC9374F32-CoreProcessor,1B,nietras,16,32,0.669,0.703,0.009
AMDEPYC9374F32-CoreProcessor,1B,nietras,32,32,0.656,0.681,0.006
AMDEPYC9374F32-CoreProcessor,1B,nietras,32,64,0.432,0.441,0.006
AMDEPYC9374F32-CoreProcessor,1B,nietras,64,64,0.426,0.443,0.005
AMDEPYC9374F32-CoreProcessor,1B,nietras,64,128,0.371,0.381,0.004
AMDEPYC9374F32-CoreProcessor,1B,NimaAra,4,4,6.344,6.387,0.035
AMDEPYC9374F32-CoreProcessor,1B,NimaAra,4,8,4.315,4.348,0.028
AMDEPYC9374F32-CoreProcessor,1B,NimaAra,8,8,3.253,3.274,0.020
AMDEPYC9374F32-CoreProcessor,1B,NimaAra,8,16,2.222,2.233,0.007
AMDEPYC9374F32-CoreProcessor,1B,NimaAra,16,16,1.697,1.711,0.007
AMDEPYC9374F32-CoreProcessor,1B,NimaAra,16,32,1.187,1.196,0.007
AMDEPYC9374F32-CoreProcessor,1B,NimaAra,32,32,0.928,0.938,0.014
AMDEPYC9374F32-CoreProcessor,1B,NimaAra,32,64,0.677,0.683,0.004
AMDEPYC9374F32-CoreProcessor,1B,NimaAra,64,64,0.554,0.560,0.003
AMDEPYC9374F32-CoreProcessor,1B,NimaAra,64,128,0.457,0.469,0.004
AMDEPYC9374F32-CoreProcessor,1B,noahfalk,4,4,1.452,1.465,0.011
AMDEPYC9374F32-CoreProcessor,1B,noahfalk,4,8,0.996,1.002,0.005
AMDEPYC9374F32-CoreProcessor,1B,noahfalk,8,8,0.736,0.743,0.005
AMDEPYC9374F32-CoreProcessor,1B,noahfalk,8,16,0.509,0.511,0.002
AMDEPYC9374F32-CoreProcessor,1B,noahfalk,16,16,0.379,0.382,0.002
AMDEPYC9374F32-CoreProcessor,1B,noahfalk,16,32,0.270,0.272,0.002
AMDEPYC9374F32-CoreProcessor,1B,noahfalk,32,32,0.206,0.208,0.001
AMDEPYC9374F32-CoreProcessor,1B,noahfalk,32,64,0.170,0.210,0.017
AMDEPYC9374F32-CoreProcessor,1B,noahfalk,64,64,0.155,0.184,0.024
AMDEPYC9374F32-CoreProcessor,1B,noahfalk,64,128,0.196,0.214,0.008
AMDEPYC9374F32-CoreProcessor,1B,pedrosakuma,4,4,7.108,7.142,0.003
AMDEPYC9374F32-CoreProcessor,1B,pedrosakuma,4,8,4.656,4.662,0.006
AMDEPYC9374F32-CoreProcessor,1B,pedrosakuma,8,8,3.682,3.685,0.002
AMDEPYC9374F32-CoreProcessor,1B,pedrosakuma,8,16,2.521,2.531,0.005
AMDEPYC9374F32-CoreProcessor,1B,pedrosakuma,16,16,2.043,2.058,0.020
AMDEPYC9374F32-CoreProcessor,1B,pedrosakuma,16,32,1.557,1.561,0.001
AMDEPYC9374F32-CoreProcessor,1B,pedrosakuma,32,32,1.329,1.331,0.002
AMDEPYC9374F32-CoreProcessor,1B,pedrosakuma,32,64,1.263,1.267,0.002
AMDEPYC9374F32-CoreProcessor,1B,pedrosakuma,64,64,1.279,1.286,0.004
AMDEPYC9374F32-CoreProcessor,1B,pedrosakuma,64,128,1.500,1.575,0.002
AMDEPYC9374F32-CoreProcessor,1B,royvanrijn,4,4,2.505,2.525,0.016
AMDEPYC9374F32-CoreProcessor,1B,royvanrijn,4,8,1.664,1.675,0.006
AMDEPYC9374F32-CoreProcessor,1B,royvanrijn,8,8,1.262,1.276,0.006
AMDEPYC9374F32-CoreProcessor,1B,royvanrijn,8,16,0.856,0.873,0.010
AMDEPYC9374F32-CoreProcessor,1B,royvanrijn,16,16,0.651,0.675,0.008
AMDEPYC9374F32-CoreProcessor,1B,royvanrijn,16,32,0.475,0.497,0.022
AMDEPYC9374F32-CoreProcessor,1B,royvanrijn,32,32,0.363,0.382,0.014
AMDEPYC9374F32-CoreProcessor,1B,royvanrijn,32,64,0.356,0.395,0.008
AMDEPYC9374F32-CoreProcessor,1B,royvanrijn,64,64,0.328,0.330,0.001
AMDEPYC9374F32-CoreProcessor,1B,royvanrijn,64,128,0.328,0.333,0.005
AMDEPYC9374F32-CoreProcessor,1B,stephenvonworley,4,4,2.506,2.522,0.017
AMDEPYC9374F32-CoreProcessor,1B,stephenvonworley,4,8,1.704,1.709,0.005
AMDEPYC9374F32-CoreProcessor,1B,stephenvonworley,8,8,1.265,1.270,0.005
AMDEPYC9374F32-CoreProcessor,1B,stephenvonworley,8,16,0.862,0.866,0.003
AMDEPYC9374F32-CoreProcessor,1B,stephenvonworley,16,16,0.645,0.647,0.002
AMDEPYC9374F32-CoreProcessor,1B,stephenvonworley,16,32,0.448,0.449,0.001
AMDEPYC9374F32-CoreProcessor,1B,stephenvonworley,32,32,0.339,0.340,0.001
AMDEPYC9374F32-CoreProcessor,1B,stephenvonworley,32,64,0.245,0.247,0.001
AMDEPYC9374F32-CoreProcessor,1B,stephenvonworley,64,64,0.197,0.202,0.002
AMDEPYC9374F32-CoreProcessor,1B,stephenvonworley,64,128,0.177,0.180,0.001
AMDEPYC9374F32-CoreProcessor,1B,thomaswue,4,4,1.946,1.960,0.015
AMDEPYC9374F32-CoreProcessor,1B,thomaswue,4,8,1.440,1.444,0.003
AMDEPYC9374F32-CoreProcessor,1B,thomaswue,8,8,0.981,0.989,0.005
AMDEPYC9374F32-CoreProcessor,1B,thomaswue,8,16,0.727,0.729,0.002
AMDEPYC9374F32-CoreProcessor,1B,thomaswue,16,16,0.500,0.504,0.004
AMDEPYC9374F32-CoreProcessor,1B,thomaswue,16,32,0.372,0.373,0.001
AMDEPYC9374F32-CoreProcessor,1B,thomaswue,32,32,0.259,0.263,0.002
AMDEPYC9374F32-CoreProcessor,1B,thomaswue,32,64,0.200,0.201,0.001
AMDEPYC9374F32-CoreProcessor,1B,thomaswue,64,64,0.155,0.158,0.002
AMDEPYC9374F32-CoreProcessor,1B,thomaswue,64,128,0.145,0.149,0.002
AMDEPYC9374F32-CoreProcessor,1B,xoofx,4,4,3.673,3.816,0.057
AMDEPYC9374F32-CoreProcessor,1B,xoofx,4,8,2.330,2.372,0.019
AMDEPYC9374F32-CoreProcessor,1B,xoofx,8,8,1.823,1.864,0.026
AMDEPYC9374F32-CoreProcessor,1B,xoofx,8,16,1.180,1.199,0.020
AMDEPYC9374F32-CoreProcessor,1B,xoofx,16,16,0.912,0.938,0.022
AMDEPYC9374F32-CoreProcessor,1B,xoofx,16,32,0.592,0.609,0.016
AMDEPYC9374F32-CoreProcessor,1B,xoofx,32,32,0.466,0.481,0.011
AMDEPYC9374F32-CoreProcessor,1B,xoofx,32,64,0.345,0.399,0.018
AMDEPYC9374F32-CoreProcessor,1B,xoofx,64,64,0.336,0.391,0.021
AMDEPYC9374F32-CoreProcessor,1B,xoofx,64,128,0.271,0.310,0.012
AMDEPYC9374F32-CoreProcessor,1B_10K,abeobk,8,8,3.603,3.613,0.007
AMDEPYC9374F32-CoreProcessor,1B_10K,abeobk,8,16,2.334,2.348,0.005
AMDEPYC9374F32-CoreProcessor,1B_10K,abeobk,16,16,1.766,1.771,0.002
AMDEPYC9374F32-CoreProcessor,1B_10K,abeobk,16,32,1.161,1.165,0.003
AMDEPYC9374F32-CoreProcessor,1B_10K,abeobk,32,32,0.880,0.885,0.003
AMDEPYC9374F32-CoreProcessor,1B_10K,abeobk,32,64,0.890,0.899,0.003
AMDEPYC9374F32-CoreProcessor,1B_10K,abeobk,64,64,0.895,0.898,0.002
AMDEPYC9374F32-CoreProcessor,1B_10K,abeobk,64,128,0.897,0.900,0.001
AMDEPYC9374F32-CoreProcessor,1B_10K,artsiomkorzun,8,8,1.885,1.900,0.010
AMDEPYC9374F32-CoreProcessor,1B_10K,artsiomkorzun,8,16,1.294,1.298,0.004
AMDEPYC9374F32-CoreProcessor,1B_10K,artsiomkorzun,16,16,0.954,0.957,0.001
AMDEPYC9374F32-CoreProcessor,1B_10K,artsiomkorzun,16,32,0.662,0.665,0.003
AMDEPYC9374F32-CoreProcessor,1B_10K,artsiomkorzun,32,32,0.493,0.497,0.003
AMDEPYC9374F32-CoreProcessor,1B_10K,artsiomkorzun,32,64,0.347,0.350,0.000
AMDEPYC9374F32-CoreProcessor,1B_10K,artsiomkorzun,64,64,0.274,0.276,0.002
AMDEPYC9374F32-CoreProcessor,1B_10K,artsiomkorzun,64,128,0.435,0.441,0.005
AMDEPYC9374F32-CoreProcessor,1B_10K,austindonisan,8,8,1.562,1.595,0.024
AMDEPYC9374F32-CoreProcessor,1B_10K,austindonisan,8,16,0.797,0.803,0.006
AMDEPYC9374F32-CoreProcessor,1B_10K,austindonisan,16,16,0.791,0.805,0.010
AMDEPYC9374F32-CoreProcessor,1B_10K,austindonisan,16,32,0.415,0.420,0.006
AMDEPYC9374F32-CoreProcessor,1B_10K,austindonisan,32,32,0.415,0.433,0.026
AMDEPYC9374F32-CoreProcessor,1B_10K,austindonisan,32,64,0.289,0.290,0.001
AMDEPYC9374F32-CoreProcessor,1B_10K,austindonisan,64,64,0.286,0.289,0.002
AMDEPYC9374F32-CoreProcessor,1B_10K,austindonisan,64,128,0.246,0.255,0.013
AMDEPYC9374F32-CoreProcessor,1B_10K,buybackoff,8,8,2.049,2.077,0.016
AMDEPYC9374F32-CoreProcessor,1B_10K,buybackoff,8,16,1.566,1.577,0.004
AMDEPYC9374F32-CoreProcessor,1B_10K,buybackoff,16,16,1.054,1.059,0.003
AMDEPYC9374F32-CoreProcessor,1B_10K,buybackoff,16,32,0.818,0.822,0.002
AMDEPYC9374F32-CoreProcessor,1B_10K,buybackoff,32,32,0.561,0.565,0.002
AMDEPYC9374F32-CoreProcessor,1B_10K,buybackoff,32,64,0.464,0.469,0.005
AMDEPYC9374F32-CoreProcessor,1B_10K,buybackoff,64,64,0.348,0.357,0.004
AMDEPYC9374F32-CoreProcessor,1B_10K,buybackoff,64,128,0.364,0.368,0.001
AMDEPYC9374F32-CoreProcessor,1B_10K,CameronAavik,8,8,5.032,5.060,0.020
AMDEPYC9374F32-CoreProcessor,1B_10K,CameronAavik,8,16,3.144,3.184,0.008
AMDEPYC9374F32-CoreProcessor,1B_10K,CameronAavik,16,16,2.636,2.699,0.062
AMDEPYC9374F32-CoreProcessor,1B_10K,CameronAavik,16,32,1.700,1.710,0.007
AMDEPYC9374F32-CoreProcessor,1B_10K,CameronAavik,32,32,1.441,1.452,0.012
AMDEPYC9374F32-CoreProcessor,1B_10K,CameronAavik,32,64,1.437,1.466,0.013
AMDEPYC9374F32-CoreProcessor,1B_10K,CameronAavik,64,64,1.451,1.455,0.002
AMDEPYC9374F32-CoreProcessor,1B_10K,CameronAavik,64,128,1.450,1.453,0.001
AMDEPYC9374F32-CoreProcessor,1B_10K,dzaima,8,8,2.471,2.515,0.021
AMDEPYC9374F32-CoreProcessor,1B_10K,jerrinot,8,8,2.370,2.384,0.007
AMDEPYC9374F32-CoreProcessor,1B_10K,jerrinot,8,16,1.643,1.654,0.003
AMDEPYC9374F32-CoreProcessor,1B_10K,jerrinot,16,16,1.247,1.254,0.006
AMDEPYC9374F32-CoreProcessor,1B_10K,jerrinot,16,32,0.893,0.896,0.003
AMDEPYC9374F32-CoreProcessor,1B_10K,jerrinot,32,32,0.701,0.709,0.004
AMDEPYC9374F32-CoreProcessor,1B_10K,jerrinot,32,64,0.702,0.706,0.003
AMDEPYC9374F32-CoreProcessor,1B_10K,jerrinot,64,64,0.714,0.719,0.002
AMDEPYC9374F32-CoreProcessor,1B_10K,jerrinot,64,128,0.717,0.719,0.002
AMDEPYC9374F32-CoreProcessor,1B_10K,kpocza,8,8,2.819,2.848,0.025
AMDEPYC9374F32-CoreProcessor,1B_10K,kpocza,8,16,2.021,2.062,0.043
AMDEPYC9374F32-CoreProcessor,1B_10K,kpocza,16,16,1.513,1.524,0.008
AMDEPYC9374F32-CoreProcessor,1B_10K,kpocza,16,32,1.122,1.139,0.024
AMDEPYC9374F32-CoreProcessor,1B_10K,kpocza,32,32,0.861,0.873,0.002
AMDEPYC9374F32-CoreProcessor,1B_10K,kpocza,32,64,0.685,0.694,0.010
AMDEPYC9374F32-CoreProcessor,1B_10K,kpocza,64,64,0.574,0.588,0.011
AMDEPYC9374F32-CoreProcessor,1B_10K,kpocza,64,128,0.527,0.536,0.004
AMDEPYC9374F32-CoreProcessor,1B_10K,lehuyduc,8,8,1.550,1.619,0.018
AMDEPYC9374F32-CoreProcessor,1B_10K,lehuyduc,8,16,1.092,1.099,0.005
AMDEPYC9374F32-CoreProcessor,1B_10K,lehuyduc,16,16,0.802,0.853,0.024
AMDEPYC9374F32-CoreProcessor,1B_10K,lehuyduc,16,32,0.609,0.616,0.004
AMDEPYC9374F32-CoreProcessor,1B_10K,lehuyduc,32,32,0.461,0.482,0.015
AMDEPYC9374F32-CoreProcessor,1B_10K,lehuyduc,32,64,0.375,0.384,0.004
AMDEPYC9374F32-CoreProcessor,1B_10K,lehuyduc,64,64,0.290,0.320,0.015
AMDEPYC9374F32-CoreProcessor,1B_10K,lehuyduc,64,128,0.252,0.255,0.002
AMDEPYC9374F32-CoreProcessor,1B_10K,mtopolnik,8,8,1.910,1.952,0.023
AMDEPYC9374F32-CoreProcessor,1B_10K,mtopolnik,8,16,1.414,1.454,0.015
AMDEPYC9374F32-CoreProcessor,1B_10K,mtopolnik,16,16,1.046,1.087,0.011
AMDEPYC9374F32-CoreProcessor,1B_10K,mtopolnik,16,32,0.960,0.993,0.023
AMDEPYC9374F32-CoreProcessor,1B_10K,mtopolnik,32,32,0.756,0.816,0.027
AMDEPYC9374F32-CoreProcessor,1B_10K,mtopolnik,32,64,1.356,1.387,0.015
AMDEPYC9374F32-CoreProcessor,1B_10K,mtopolnik,64,64,1.306,1.351,0.025
AMDEPYC9374F32-CoreProcessor,1B_10K,mtopolnik,64,128,4.150,4.215,0.026
AMDEPYC9374F32-CoreProcessor,1B_10K,mtopolnik-rs,8,8,2.858,2.883,0.018
AMDEPYC9374F32-CoreProcessor,1B_10K,mtopolnik-rs,8,16,1.866,1.884,0.021
AMDEPYC9374F32-CoreProcessor,1B_10K,mtopolnik-rs,16,16,1.529,1.564,0.027
AMDEPYC9374F32-CoreProcessor,1B_10K,mtopolnik-rs,16,32,1.045,1.145,0.019
AMDEPYC9374F32-CoreProcessor,1B_10K,mtopolnik-rs,32,32,0.954,1.004,0.028
AMDEPYC9374F32-CoreProcessor,1B_10K,mtopolnik-rs,32,64,0.684,0.738,0.029
AMDEPYC9374F32-CoreProcessor,1B_10K,mtopolnik-rs,64,64,0.709,0.752,0.008
AMDEPYC9374F32-CoreProcessor,1B_10K,mtopolnik-rs,64,128,0.620,0.641,0.016
AMDEPYC9374F32-CoreProcessor,1B_10K,nietras,8,8,2.841,2.894,0.032
AMDEPYC9374F32-CoreProcessor,1B_10K,nietras,8,16,1.870,1.906,0.031
AMDEPYC9374F32-CoreProcessor,1B_10K,nietras,16,16,1.519,1.551,0.030
AMDEPYC9374F32-CoreProcessor,1B_10K,nietras,16,32,1.040,1.057,0.013
AMDEPYC9374F32-CoreProcessor,1B_10K,nietras,32,32,0.862,0.884,0.022
AMDEPYC9374F32-CoreProcessor,1B_10K,nietras,32,64,0.630,0.638,0.008
AMDEPYC9374F32-CoreProcessor,1B_10K,nietras,64,64,0.558,0.574,0.012
AMDEPYC9374F32-CoreProcessor,1B_10K,nietras,64,128,0.479,0.487,0.005
AMDEPYC9374F32-CoreProcessor,1B_10K,NimaAra,8,8,4.306,4.338,0.028
AMDEPYC9374F32-CoreProcessor,1B_10K,NimaAra,8,16,2.865,2.891,0.029
AMDEPYC9374F32-CoreProcessor,1B_10K,NimaAra,16,16,2.243,2.256,0.016
AMDEPYC9374F32-CoreProcessor,1B_10K,NimaAra,16,32,1.538,1.566,0.035
AMDEPYC9374F32-CoreProcessor,1B_10K,NimaAra,32,32,1.235,1.251,0.023
AMDEPYC9374F32-CoreProcessor,1B_10K,NimaAra,32,64,0.885,0.892,0.007
AMDEPYC9374F32-CoreProcessor,1B_10K,NimaAra,64,64,0.749,0.766,0.029
AMDEPYC9374F32-CoreProcessor,1B_10K,NimaAra,64,128,0.637,0.656,0.021
AMDEPYC9374F32-CoreProcessor,1B_10K,noahfalk,8,8,2.102,2.110,0.004
AMDEPYC9374F32-CoreProcessor,1B_10K,noahfalk,8,16,1.410,1.415,0.005
AMDEPYC9374F32-CoreProcessor,1B_10K,noahfalk,16,16,1.106,1.117,0.017
AMDEPYC9374F32-CoreProcessor,1B_10K,noahfalk,16,32,0.806,0.811,0.003
AMDEPYC9374F32-CoreProcessor,1B_10K,noahfalk,32,32,0.662,0.667,0.002
AMDEPYC9374F32-CoreProcessor,1B_10K,noahfalk,32,64,0.597,0.620,0.006
AMDEPYC9374F32-CoreProcessor,1B_10K,noahfalk,64,64,0.567,0.601,0.010
AMDEPYC9374F32-CoreProcessor,1B_10K,noahfalk,64,128,0.728,0.800,0.012
AMDEPYC9374F32-CoreProcessor,1B_10K,pedrosakuma,8,8,4.789,4.818,0.011
AMDEPYC9374F32-CoreProcessor,1B_10K,pedrosakuma,8,16,3.389,3.426,0.024
AMDEPYC9374F32-CoreProcessor,1B_10K,pedrosakuma,16,16,2.644,2.656,0.008
AMDEPYC9374F32-CoreProcessor,1B_10K,pedrosakuma,16,32,2.024,2.030,0.004
AMDEPYC9374F32-CoreProcessor,1B_10K,pedrosakuma,32,32,1.668,1.676,0.003
AMDEPYC9374F32-CoreProcessor,1B_10K,pedrosakuma,32,64,0.449,0.452,0.002
AMDEPYC9374F32-CoreProcessor,1B_10K,pedrosakuma,64,64,0.438,0.453,0.017
AMDEPYC9374F32-CoreProcessor,1B_10K,pedrosakuma,64,128,0.816,0.843,0.024
AMDEPYC9374F32-CoreProcessor,1B_10K,royvanrijn,8,8,2.504,2.565,0.017
AMDEPYC9374F32-CoreProcessor,1B_10K,royvanrijn,8,16,1.691,1.714,0.013
AMDEPYC9374F32-CoreProcessor,1B_10K,royvanrijn,16,16,1.219,1.242,0.010
AMDEPYC9374F32-CoreProcessor,1B_10K,royvanrijn,16,32,0.869,0.883,0.005
AMDEPYC9374F32-CoreProcessor,1B_10K,royvanrijn,32,32,0.655,0.670,0.017
AMDEPYC9374F32-CoreProcessor,1B_10K,royvanrijn,32,64,0.625,0.703,0.042
AMDEPYC9374F32-CoreProcessor,1B_10K,royvanrijn,64,64,0.602,0.607,0.003
AMDEPYC9374F32-CoreProcessor,1B_10K,royvanrijn,64,128,0.599,0.606,0.004
AMDEPYC9374F32-CoreProcessor,1B_10K,stephenvonworley,8,8,2.051,2.061,0.010
AMDEPYC9374F32-CoreProcessor,1B_10K,stephenvonworley,8,16,1.414,1.419,0.004
AMDEPYC9374F32-CoreProcessor,1B_10K,stephenvonworley,16,16,1.086,1.089,0.002
AMDEPYC9374F32-CoreProcessor,1B_10K,stephenvonworley,16,32,0.813,0.816,0.002
AMDEPYC9374F32-CoreProcessor,1B_10K,stephenvonworley,32,32,0.648,0.652,0.002
AMDEPYC9374F32-CoreProcessor,1B_10K,stephenvonworley,32,64,0.601,0.602,0.001
AMDEPYC9374F32-CoreProcessor,1B_10K,stephenvonworley,64,64,0.555,0.561,0.002
AMDEPYC9374F32-CoreProcessor,1B_10K,stephenvonworley,64,128,0.747,0.750,0.003
AMDEPYC9374F32-CoreProcessor,1B_10K,thomaswue,8,8,2.839,2.861,0.009
AMDEPYC9374F32-CoreProcessor,1B_10K,thomaswue,8,16,2.200,2.207,0.005
AMDEPYC9374F32-CoreProcessor,1B_10K,thomaswue,16,16,1.466,1.472,0.002
AMDEPYC9374F32-CoreProcessor,1B_10K,thomaswue,16,32,1.192,1.195,0.002
AMDEPYC9374F32-CoreProcessor,1B_10K,thomaswue,32,32,0.813,0.818,0.002
AMDEPYC9374F32-CoreProcessor,1B_10K,thomaswue,32,64,0.749,0.752,0.001
AMDEPYC9374F32-CoreProcessor,1B_10K,thomaswue,64,64,0.575,0.587,0.009
AMDEPYC9374F32-CoreProcessor,1B_10K,thomaswue,64,128,0.700,0.726,0.012
AMDEPYC9374F32-CoreProcessor,1B_10K,xoofx,8,8,3.245,3.299,0.034
AMDEPYC9374F32-CoreProcessor,1B_10K,xoofx,8,16,2.054,2.084,0.024
AMDEPYC9374F32-CoreProcessor,1B_10K,xoofx,16,16,1.653,1.675,0.021
AMDEPYC9374F32-CoreProcessor,1B_10K,xoofx,16,32,1.080,1.096,0.007
AMDEPYC9374F32-CoreProcessor,1B_10K,xoofx,32,32,0.869,0.900,0.019
AMDEPYC9374F32-CoreProcessor,1B_10K,xoofx,32,64,0.631,0.691,0.030
AMDEPYC9374F32-CoreProcessor,1B_10K,xoofx,64,64,0.562,0.636,0.028
AMDEPYC9374F32-CoreProcessor,1B_10K,xoofx,64,128,0.548,0.594,0.030
IntelRXeonRGold6444Y,1B,abeobk,4,4,2.598,2.611,0.010
IntelRXeonRGold6444Y,1B,abeobk,4,8,1.855,1.859,0.003
IntelRXeonRGold6444Y,1B,abeobk,8,8,1.303,1.310,0.004
IntelRXeonRGold6444Y,1B,abeobk,8,16,0.931,0.933,0.002
IntelRXeonRGold6444Y,1B,abeobk,16,16,0.656,0.658,0.002
IntelRXeonRGold6444Y,1B,abeobk,16,32,0.470,0.471,0.001
IntelRXeonRGold6444Y,1B,abeobk,32,32,0.337,0.338,0.001
IntelRXeonRGold6444Y,1B,abeobk,32,64,0.337,0.342,0.003
IntelRXeonRGold6444Y,1B,artsiomkorzun,4,4,2.061,2.072,0.008
IntelRXeonRGold6444Y,1B,artsiomkorzun,4,8,1.540,1.544,0.003
IntelRXeonRGold6444Y,1B,artsiomkorzun,8,8,1.040,1.044,0.004
IntelRXeonRGold6444Y,1B,artsiomkorzun,8,16,0.775,0.776,0.001
IntelRXeonRGold6444Y,1B,artsiomkorzun,16,16,0.525,0.526,0.001
IntelRXeonRGold6444Y,1B,artsiomkorzun,16,32,0.397,0.398,0.001
IntelRXeonRGold6444Y,1B,artsiomkorzun,32,32,0.276,0.278,0.001
IntelRXeonRGold6444Y,1B,artsiomkorzun,32,64,0.212,0.213,0.001
IntelRXeonRGold6444Y,1B,austindonisan,4,4,1.031,1.050,0.026
IntelRXeonRGold6444Y,1B,austindonisan,4,8,0.521,0.527,0.010
IntelRXeonRGold6444Y,1B,austindonisan,8,8,0.507,0.529,0.013
IntelRXeonRGold6444Y,1B,austindonisan,8,16,0.266,0.273,0.011
IntelRXeonRGold6444Y,1B,austindonisan,16,16,0.266,0.269,0.003
IntelRXeonRGold6444Y,1B,austindonisan,16,32,0.137,0.143,0.004
IntelRXeonRGold6444Y,1B,austindonisan,32,32,0.135,0.144,0.011
IntelRXeonRGold6444Y,1B,austindonisan,32,64,0.107,0.111,0.001
IntelRXeonRGold6444Y,1B,buybackoff,4,4,2.003,2.022,0.011
IntelRXeonRGold6444Y,1B,buybackoff,4,8,1.571,1.579,0.004
IntelRXeonRGold6444Y,1B,buybackoff,8,8,1.007,1.015,0.004
IntelRXeonRGold6444Y,1B,buybackoff,8,16,0.794,0.799,0.002
IntelRXeonRGold6444Y,1B,buybackoff,16,16,0.514,0.517,0.002
IntelRXeonRGold6444Y,1B,buybackoff,16,32,0.410,0.412,0.001
IntelRXeonRGold6444Y,1B,buybackoff,32,32,0.277,0.285,0.005
IntelRXeonRGold6444Y,1B,buybackoff,32,64,0.233,0.235,0.001
IntelRXeonRGold6444Y,1B,CameronAavik,4,4,2.986,3.041,0.028
IntelRXeonRGold6444Y,1B,CameronAavik,4,8,2.169,2.189,0.011
IntelRXeonRGold6444Y,1B,CameronAavik,8,8,1.563,1.589,0.010
IntelRXeonRGold6444Y,1B,CameronAavik,8,16,1.180,1.191,0.006
IntelRXeonRGold6444Y,1B,CameronAavik,16,16,0.880,0.895,0.010
IntelRXeonRGold6444Y,1B,CameronAavik,16,32,0.688,0.694,0.008
IntelRXeonRGold6444Y,1B,CameronAavik,32,32,0.547,0.553,0.004
IntelRXeonRGold6444Y,1B,CameronAavik,32,64,0.565,0.631,0.037
IntelRXeonRGold6444Y,1B,dzaima,4,4,2.523,2.546,0.012
IntelRXeonRGold6444Y,1B,dzaima,4,8,1.714,1.739,0.021
IntelRXeonRGold6444Y,1B,dzaima,8,8,1.260,1.282,0.015
IntelRXeonRGold6444Y,1B,jerrinot,4,4,2.183,2.196,0.007
IntelRXeonRGold6444Y,1B,jerrinot,4,8,1.530,1.535,0.003
IntelRXeonRGold6444Y,1B,jerrinot,8,8,1.097,1.102,0.003
IntelRXeonRGold6444Y,1B,jerrinot,8,16,0.769,0.772,0.001
IntelRXeonRGold6444Y,1B,jerrinot,16,16,0.554,0.557,0.002
IntelRXeonRGold6444Y,1B,jerrinot,16,32,0.390,0.392,0.001
IntelRXeonRGold6444Y,1B,jerrinot,32,32,0.287,0.289,0.001
IntelRXeonRGold6444Y,1B,jerrinot,32,64,0.286,0.290,0.002
IntelRXeonRGold6444Y,1B,kpocza,4,4,3.711,3.760,0.025
IntelRXeonRGold6444Y,1B,kpocza,4,8,2.224,2.254,0.019
IntelRXeonRGold6444Y,1B,kpocza,8,8,1.938,1.962,0.015
IntelRXeonRGold6444Y,1B,kpocza,8,16,1.203,1.219,0.011
IntelRXeonRGold6444Y,1B,kpocza,16,16,1.061,1.073,0.009
IntelRXeonRGold6444Y,1B,kpocza,16,32,0.690,0.704,0.015
IntelRXeonRGold6444Y,1B,kpocza,32,32,0.623,0.632,0.013
IntelRXeonRGold6444Y,1B,kpocza,32,64,0.443,0.452,0.004
IntelRXeonRGold6444Y,1B,lehuyduc,4,4,2.370,2.454,0.065
IntelRXeonRGold6444Y,1B,lehuyduc,4,8,1.650,1.691,0.034
IntelRXeonRGold6444Y,1B,lehuyduc,8,8,1.218,1.258,0.025
IntelRXeonRGold6444Y,1B,lehuyduc,8,16,0.850,0.864,0.010
IntelRXeonRGold6444Y,1B,lehuyduc,16,16,0.617,0.659,0.020
IntelRXeonRGold6444Y,1B,lehuyduc,16,32,0.467,0.473,0.005
IntelRXeonRGold6444Y,1B,lehuyduc,32,32,0.357,0.381,0.010
IntelRXeonRGold6444Y,1B,lehuyduc,32,64,0.275,0.284,0.007
IntelRXeonRGold6444Y,1B,mtopolnik,4,4,3.427,3.476,0.024
IntelRXeonRGold6444Y,1B,mtopolnik,4,8,2.095,2.115,0.014
IntelRXeonRGold6444Y,1B,mtopolnik,8,8,1.746,1.763,0.013
IntelRXeonRGold6444Y,1B,mtopolnik,8,16,1.092,1.102,0.005
IntelRXeonRGold6444Y,1B,mtopolnik,16,16,0.882,0.926,0.009
IntelRXeonRGold6444Y,1B,mtopolnik,16,32,0.607,0.617,0.005
IntelRXeonRGold6444Y,1B,mtopolnik,32,32,0.492,0.529,0.017
IntelRXeonRGold6444Y,1B,mtopolnik,32,64,0.389,0.406,0.008
IntelRXeonRGold6444Y,1B,mtopolnik-rs,4,4,3.321,3.367,0.018
IntelRXeonRGold6444Y,1B,mtopolnik-rs,4,8,2.335,2.366,0.019
IntelRXeonRGold6444Y,1B,mtopolnik-rs,8,8,1.745,1.767,0.014
IntelRXeonRGold6444Y,1B,mtopolnik-rs,8,16,1.261,1.279,0.012
IntelRXeonRGold6444Y,1B,mtopolnik-rs,16,16,0.962,0.970,0.009
IntelRXeonRGold6444Y,1B,mtopolnik-rs,16,32,0.728,0.733,0.007
IntelRXeonRGold6444Y,1B,mtopolnik-rs,32,32,0.605,0.704,0.059
IntelRXeonRGold6444Y,1B,mtopolnik-rs,32,64,0.481,0.508,0.013
IntelRXeonRGold6444Y,1B,nietras,4,4,3.551,3.626,0.041
IntelRXeonRGold6444Y,1B,nietras,4,8,2.126,2.175,0.020
IntelRXeonRGold6444Y,1B,nietras,8,8,1.849,1.911,0.026
IntelRXeonRGold6444Y,1B,nietras,8,16,1.145,1.171,0.016
IntelRXeonRGold6444Y,1B,nietras,16,16,1.026,1.049,0.011
IntelRXeonRGold6444Y,1B,nietras,16,32,0.664,0.676,0.011
IntelRXeonRGold6444Y,1B,nietras,32,32,0.605,0.621,0.009
IntelRXeonRGold6444Y,1B,nietras,32,64,0.427,0.441,0.009
IntelRXeonRGold6444Y,1B,NimaAra,4,4,7.585,7.670,0.071
IntelRXeonRGold6444Y,1B,NimaAra,4,8,5.151,5.184,0.034
IntelRXeonRGold6444Y,1B,NimaAra,8,8,3.902,3.915,0.007
IntelRXeonRGold6444Y,1B,NimaAra,8,16,2.654,2.687,0.022
IntelRXeonRGold6444Y,1B,NimaAra,16,16,2.031,2.042,0.011
IntelRXeonRGold6444Y,1B,NimaAra,16,32,1.417,1.442,0.034
IntelRXeonRGold6444Y,1B,NimaAra,32,32,1.121,1.129,0.006
IntelRXeonRGold6444Y,1B,NimaAra,32,64,0.821,0.841,0.031
IntelRXeonRGold6444Y,1B,noahfalk,4,4,1.670,1.685,0.008
IntelRXeonRGold6444Y,1B,noahfalk,4,8,1.206,1.218,0.005
IntelRXeonRGold6444Y,1B,noahfalk,8,8,0.844,0.848,0.004
IntelRXeonRGold6444Y,1B,noahfalk,8,16,0.619,0.622,0.002
IntelRXeonRGold6444Y,1B,noahfalk,16,16,0.432,0.435,0.003
IntelRXeonRGold6444Y,1B,noahfalk,16,32,0.321,0.325,0.002
IntelRXeonRGold6444Y,1B,noahfalk,32,32,0.255,0.259,0.003
IntelRXeonRGold6444Y,1B,noahfalk,32,64,0.229,0.270,0.008
IntelRXeonRGold6444Y,1B,pedrosakuma,4,4,6.781,6.795,0.008
IntelRXeonRGold6444Y,1B,pedrosakuma,4,8,4.584,4.609,0.007
IntelRXeonRGold6444Y,1B,pedrosakuma,8,8,3.546,3.548,0.002
IntelRXeonRGold6444Y,1B,pedrosakuma,8,16,2.502,2.518,0.008
IntelRXeonRGold6444Y,1B,pedrosakuma,16,16,1.976,1.983,0.003
IntelRXeonRGold6444Y,1B,pedrosakuma,16,32,1.573,1.582,0.002
IntelRXeonRGold6444Y,1B,pedrosakuma,32,32,1.329,1.333,0.004
IntelRXeonRGold6444Y,1B,pedrosakuma,32,64,1.346,1.354,0.008
IntelRXeonRGold6444Y,1B,royvanrijn,4,4,3.383,3.405,0.008
IntelRXeonRGold6444Y,1B,royvanrijn,4,8,2.008,2.027,0.006
IntelRXeonRGold6444Y,1B,royvanrijn,8,8,1.706,1.723,0.010
IntelRXeonRGold6444Y,1B,royvanrijn,8,16,1.037,1.080,0.011
IntelRXeonRGold6444Y,1B,royvanrijn,16,16,0.868,0.884,0.009
IntelRXeonRGold6444Y,1B,royvanrijn,16,32,0.569,0.586,0.009
IntelRXeonRGold6444Y,1B,royvanrijn,32,32,0.464,0.506,0.009
IntelRXeonRGold6444Y,1B,royvanrijn,32,64,0.467,0.490,0.016
IntelRXeonRGold6444Y,1B,stephenvonworley,4,4,2.751,2.763,0.008
IntelRXeonRGold6444Y,1B,stephenvonworley,4,8,1.891,1.895,0.004
IntelRXeonRGold6444Y,1B,stephenvonworley,8,8,1.385,1.390,0.004
IntelRXeonRGold6444Y,1B,stephenvonworley,8,16,0.956,0.959,0.002
IntelRXeonRGold6444Y,1B,stephenvonworley,16,16,0.703,0.707,0.002
IntelRXeonRGold6444Y,1B,stephenvonworley,16,32,0.493,0.495,0.000
IntelRXeonRGold6444Y,1B,stephenvonworley,32,32,0.371,0.373,0.002
IntelRXeonRGold6444Y,1B,stephenvonworley,32,64,0.270,0.271,0.000
IntelRXeonRGold6444Y,1B,thomaswue,4,4,2.044,2.054,0.007
IntelRXeonRGold6444Y,1B,thomaswue,4,8,1.608,1.612,0.003
IntelRXeonRGold6444Y,1B,thomaswue,8,8,1.026,1.030,0.004
IntelRXeonRGold6444Y,1B,thomaswue,8,16,0.810,0.811,0.001
IntelRXeonRGold6444Y,1B,thomaswue,16,16,0.518,0.520,0.002
IntelRXeonRGold6444Y,1B,thomaswue,16,32,0.411,0.412,0.000
IntelRXeonRGold6444Y,1B,thomaswue,32,32,0.272,0.273,0.001
IntelRXeonRGold6444Y,1B,thomaswue,32,64,0.221,0.222,0.001
IntelRXeonRGold6444Y,1B,xoofx,4,4,4.198,4.341,0.066
IntelRXeonRGold6444Y,1B,xoofx,4,8,2.991,3.121,0.043
IntelRXeonRGold6444Y,1B,xoofx,8,8,2.035,2.076,0.015
IntelRXeonRGold6444Y,1B,xoofx,8,16,1.507,1.563,0.024
IntelRXeonRGold6444Y,1B,xoofx,16,16,1.023,1.047,0.013
IntelRXeonRGold6444Y,1B,xoofx,16,32,0.756,0.792,0.007
IntelRXeonRGold6444Y,1B,xoofx,32,32,0.534,0.545,0.011
IntelRXeonRGold6444Y,1B,xoofx,32,64,0.439,0.462,0.010
IntelRXeonRGold6444Y,1B_10K,abeobk,8,8,3.500,3.513,0.008
IntelRXeonRGold6444Y,1B_10K,abeobk,8,16,2.366,2.373,0.003
IntelRXeonRGold6444Y,1B_10K,abeobk,16,16,1.738,1.742,0.003
IntelRXeonRGold6444Y,1B_10K,abeobk,16,32,1.163,1.166,0.002
IntelRXeonRGold6444Y,1B_10K,abeobk,32,32,0.869,0.873,0.003
IntelRXeonRGold6444Y,1B_10K,abeobk,32,64,0.870,0.876,0.005
IntelRXeonRGold6444Y,1B_10K,artsiomkorzun,8,8,1.945,1.957,0.007
IntelRXeonRGold6444Y,1B_10K,artsiomkorzun,8,16,1.541,1.544,0.002
IntelRXeonRGold6444Y,1B_10K,artsiomkorzun,16,16,0.978,0.984,0.006
IntelRXeonRGold6444Y,1B_10K,artsiomkorzun,16,32,0.791,0.794,0.003
IntelRXeonRGold6444Y,1B_10K,artsiomkorzun,32,32,0.510,0.514,0.003
IntelRXeonRGold6444Y,1B_10K,artsiomkorzun,32,64,0.419,0.420,0.000
IntelRXeonRGold6444Y,1B_10K,austindonisan,8,8,1.218,1.256,0.047
IntelRXeonRGold6444Y,1B_10K,austindonisan,8,16,0.631,0.644,0.015
IntelRXeonRGold6444Y,1B_10K,austindonisan,16,16,0.625,0.673,0.046
IntelRXeonRGold6444Y,1B_10K,austindonisan,16,32,0.329,0.331,0.001
IntelRXeonRGold6444Y,1B_10K,austindonisan,32,32,0.332,0.356,0.042
IntelRXeonRGold6444Y,1B_10K,austindonisan,32,64,0.382,0.383,0.000
IntelRXeonRGold6444Y,1B_10K,buybackoff,8,8,1.920,1.928,0.003
IntelRXeonRGold6444Y,1B_10K,buybackoff,8,16,1.380,1.387,0.005
IntelRXeonRGold6444Y,1B_10K,buybackoff,16,16,0.981,0.984,0.003
IntelRXeonRGold6444Y,1B_10K,buybackoff,16,32,0.720,0.724,0.003
IntelRXeonRGold6444Y,1B_10K,buybackoff,32,32,0.531,0.535,0.003
IntelRXeonRGold6444Y,1B_10K,buybackoff,32,64,0.418,0.422,0.002
IntelRXeonRGold6444Y,1B_10K,CameronAavik,8,8,4.512,4.580,0.057
IntelRXeonRGold6444Y,1B_10K,CameronAavik,8,16,3.465,3.483,0.018
IntelRXeonRGold6444Y,1B_10K,CameronAavik,16,16,2.408,2.425,0.007
IntelRXeonRGold6444Y,1B_10K,CameronAavik,16,32,1.889,1.903,0.010
IntelRXeonRGold6444Y,1B_10K,CameronAavik,32,32,1.369,1.377,0.008
IntelRXeonRGold6444Y,1B_10K,CameronAavik,32,64,1.378,1.504,0.067
IntelRXeonRGold6444Y,1B_10K,dzaima,8,8,2.507,2.572,0.056
IntelRXeonRGold6444Y,1B_10K,jerrinot,8,8,2.580,2.595,0.014
IntelRXeonRGold6444Y,1B_10K,jerrinot,8,16,1.788,1.793,0.003
IntelRXeonRGold6444Y,1B_10K,jerrinot,16,16,1.371,1.375,0.003
IntelRXeonRGold6444Y,1B_10K,jerrinot,16,32,0.969,0.973,0.003
IntelRXeonRGold6444Y,1B_10K,jerrinot,32,32,0.781,0.786,0.002
IntelRXeonRGold6444Y,1B_10K,jerrinot,32,64,0.778,0.786,0.002
IntelRXeonRGold6444Y,1B_10K,kpocza,8,8,2.713,2.771,0.040
IntelRXeonRGold6444Y,1B_10K,kpocza,8,16,1.909,1.937,0.020
IntelRXeonRGold6444Y,1B_10K,kpocza,16,16,1.474,1.492,0.019
IntelRXeonRGold6444Y,1B_10K,kpocza,16,32,1.079,1.108,0.047
IntelRXeonRGold6444Y,1B_10K,kpocza,32,32,0.873,0.889,0.011
IntelRXeonRGold6444Y,1B_10K,kpocza,32,64,0.686,0.692,0.006
IntelRXeonRGold6444Y,1B_10K,lehuyduc,8,8,1.664,1.707,0.033
IntelRXeonRGold6444Y,1B_10K,lehuyduc,8,16,1.296,1.317,0.019
IntelRXeonRGold6444Y,1B_10K,lehuyduc,16,16,0.859,0.907,0.027
IntelRXeonRGold6444Y,1B_10K,lehuyduc,16,32,0.706,0.731,0.015
IntelRXeonRGold6444Y,1B_10K,lehuyduc,32,32,0.494,0.514,0.019
IntelRXeonRGold6444Y,1B_10K,lehuyduc,32,64,0.427,0.436,0.007
IntelRXeonRGold6444Y,1B_10K,mtopolnik,8,8,2.238,2.272,0.026
IntelRXeonRGold6444Y,1B_10K,mtopolnik,8,16,1.672,1.693,0.009
IntelRXeonRGold6444Y,1B_10K,mtopolnik,16,16,1.228,1.239,0.009
IntelRXeonRGold6444Y,1B_10K,mtopolnik,16,32,1.038,1.090,0.058
IntelRXeonRGold6444Y,1B_10K,mtopolnik,32,32,0.801,0.840,0.015
IntelRXeonRGold6444Y,1B_10K,mtopolnik,32,64,1.137,1.159,0.016
IntelRXeonRGold6444Y,1B_10K,mtopolnik-rs,8,8,2.677,2.709,0.023
IntelRXeonRGold6444Y,1B_10K,mtopolnik-rs,8,16,2.013,2.024,0.006
IntelRXeonRGold6444Y,1B_10K,mtopolnik-rs,16,16,1.457,1.476,0.021
IntelRXeonRGold6444Y,1B_10K,mtopolnik-rs,16,32,1.136,1.154,0.025
IntelRXeonRGold6444Y,1B_10K,mtopolnik-rs,32,32,0.924,0.983,0.027
IntelRXeonRGold6444Y,1B_10K,mtopolnik-rs,32,64,0.728,0.786,0.047
IntelRXeonRGold6444Y,1B_10K,nietras,8,8,3.191,3.231,0.018
IntelRXeonRGold6444Y,1B_10K,nietras,8,16,2.025,2.045,0.014
IntelRXeonRGold6444Y,1B_10K,nietras,16,16,1.707,1.726,0.010
IntelRXeonRGold6444Y,1B_10K,nietras,16,32,1.126,1.147,0.020
IntelRXeonRGold6444Y,1B_10K,nietras,32,32,0.971,0.990,0.020
IntelRXeonRGold6444Y,1B_10K,nietras,32,64,0.692,0.707,0.009
IntelRXeonRGold6444Y,1B_10K,NimaAra,8,8,5.084,5.104,0.033
IntelRXeonRGold6444Y,1B_10K,NimaAra,8,16,3.412,3.444,0.044
IntelRXeonRGold6444Y,1B_10K,NimaAra,16,16,2.647,2.674,0.024
IntelRXeonRGold6444Y,1B_10K,NimaAra,16,32,1.824,1.836,0.014
IntelRXeonRGold6444Y,1B_10K,NimaAra,32,32,1.460,1.500,0.060
IntelRXeonRGold6444Y,1B_10K,NimaAra,32,64,1.069,1.140,0.123
IntelRXeonRGold6444Y,1B_10K,noahfalk,8,8,2.179,2.212,0.014
IntelRXeonRGold6444Y,1B_10K,noahfalk,8,16,1.512,1.519,0.004
IntelRXeonRGold6444Y,1B_10K,noahfalk,16,16,1.155,1.158,0.003
IntelRXeonRGold6444Y,1B_10K,noahfalk,16,32,0.867,0.872,0.003
IntelRXeonRGold6444Y,1B_10K,noahfalk,32,32,0.753,0.764,0.005
IntelRXeonRGold6444Y,1B_10K,noahfalk,32,64,0.832,0.848,0.008
IntelRXeonRGold6444Y,1B_10K,pedrosakuma,8,8,4.354,4.361,0.006
IntelRXeonRGold6444Y,1B_10K,pedrosakuma,8,16,3.172,3.184,0.009
IntelRXeonRGold6444Y,1B_10K,pedrosakuma,16,16,2.448,2.457,0.008
IntelRXeonRGold6444Y,1B_10K,pedrosakuma,16,32,1.941,1.951,0.002
IntelRXeonRGold6444Y,1B_10K,pedrosakuma,32,32,1.630,1.638,0.005
IntelRXeonRGold6444Y,1B_10K,pedrosakuma,32,64,0.529,0.535,0.005
IntelRXeonRGold6444Y,1B_10K,royvanrijn,8,8,2.497,2.519,0.007
IntelRXeonRGold6444Y,1B_10K,royvanrijn,8,16,1.845,1.878,0.013
IntelRXeonRGold6444Y,1B_10K,royvanrijn,16,16,1.262,1.271,0.006
IntelRXeonRGold6444Y,1B_10K,royvanrijn,16,32,0.939,0.959,0.008
IntelRXeonRGold6444Y,1B_10K,royvanrijn,32,32,0.657,0.716,0.019
IntelRXeonRGold6444Y,1B_10K,royvanrijn,32,64,0.694,0.761,0.060
IntelRXeonRGold6444Y,1B_10K,stephenvonworley,8,8,2.254,2.261,0.003
IntelRXeonRGold6444Y,1B_10K,stephenvonworley,8,16,1.692,1.698,0.003
IntelRXeonRGold6444Y,1B_10K,stephenvonworley,16,16,1.188,1.191,0.002
IntelRXeonRGold6444Y,1B_10K,stephenvonworley,16,32,0.987,0.990,0.001
IntelRXeonRGold6444Y,1B_10K,stephenvonworley,32,32,0.718,0.721,0.002
IntelRXeonRGold6444Y,1B_10K,stephenvonworley,32,64,0.719,0.723,0.001
IntelRXeonRGold6444Y,1B_10K,thomaswue,8,8,2.695,2.707,0.007
IntelRXeonRGold6444Y,1B_10K,thomaswue,8,16,2.069,2.081,0.006
IntelRXeonRGold6444Y,1B_10K,thomaswue,16,16,1.394,1.399,0.002
IntelRXeonRGold6444Y,1B_10K,thomaswue,16,32,1.114,1.119,0.001
IntelRXeonRGold6444Y,1B_10K,thomaswue,32,32,0.791,0.794,0.003
IntelRXeonRGold6444Y,1B_10K,thomaswue,32,64,0.730,0.733,0.002
IntelRXeonRGold6444Y,1B_10K,xoofx,8,8,3.434,3.491,0.026
IntelRXeonRGold6444Y,1B_10K,xoofx,8,16,2.425,2.465,0.015
IntelRXeonRGold6444Y,1B_10K,xoofx,16,16,1.738,1.767,0.018
IntelRXeonRGold6444Y,1B_10K,xoofx,16,32,1.254,1.304,0.018
IntelRXeonRGold6444Y,1B_10K,xoofx,32,32,0.934,0.948,0.031
IntelRXeonRGold6444Y,1B_10K,xoofx,32,64,0.779,0.801,0.015
IntelRXeonRPlatinum8275CLCPU@3.00GHz,1B,abeobk,6,6,2.014,2.025,0.006
IntelRXeonRPlatinum8275CLCPU@3.00GHz,1B,abeobk,6,12,1.704,1.708,0.003
IntelRXeonRPlatinum8275CLCPU@3.00GHz,1B,abeobk,12,12,1.020,1.027,0.003
IntelRXeonRPlatinum8275CLCPU@3.00GHz,1B,abeobk,12,24,0.867,0.869,0.001
IntelRXeonRPlatinum8275CLCPU@3.00GHz,1B,abeobk,24,24,0.539,0.544,0.002
IntelRXeonRPlatinum8275CLCPU@3.00GHz,1B,abeobk,24,48,0.456,0.459,0.001
IntelRXeonRPlatinum8275CLCPU@3.00GHz,1B,abeobk,48,48,0.296,0.300,0.001
IntelRXeonRPlatinum8275CLCPU@3.00GHz,1B,abeobk,48,96,0.248,0.252,0.001
IntelRXeonRPlatinum8275CLCPU@3.00GHz,1B,artsiomkorzun,6,6,1.570,1.586,0.008
IntelRXeonRPlatinum8275CLCPU@3.00GHz,1B,artsiomkorzun,6,12,1.471,1.473,0.002
IntelRXeonRPlatinum8275CLCPU@3.00GHz,1B,artsiomkorzun,12,12,0.790,0.797,0.003
IntelRXeonRPlatinum8275CLCPU@3.00GHz,1B,artsiomkorzun,12,24,0.744,0.746,0.001
IntelRXeonRPlatinum8275CLCPU@3.00GHz,1B,artsiomkorzun,24,24,0.411,0.414,0.002
IntelRXeonRPlatinum8275CLCPU@3.00GHz,1B,artsiomkorzun,24,48,0.397,0.405,0.003
IntelRXeonRPlatinum8275CLCPU@3.00GHz,1B,artsiomkorzun,48,48,0.248,0.251,0.002
IntelRXeonRPlatinum8275CLCPU@3.00GHz,1B,artsiomkorzun,48,96,0.262,0.274,0.002
IntelRXeonRPlatinum8275CLCPU@3.00GHz,1B,austindonisan,6,6,0.759,0.764,0.002
IntelRXeonRPlatinum8275CLCPU@3.00GHz,1B,austindonisan,6,12,0.386,0.390,0.001
IntelRXeonRPlatinum8275CLCPU@3.00GHz,1B,austindonisan,12,12,0.386,0.389,0.001
IntelRXeonRPlatinum8275CLCPU@3.00GHz,1B,austindonisan,12,24,0.209,0.215,0.004
IntelRXeonRPlatinum8275CLCPU@3.00GHz,1B,austindonisan,24,24,0.209,0.218,0.002
IntelRXeonRPlatinum8275CLCPU@3.00GHz,1B,austindonisan,24,48,0.163,0.166,0.002
IntelRXeonRPlatinum8275CLCPU@3.00GHz,1B,austindonisan,48,48,0.162,0.166,0.002
IntelRXeonRPlatinum8275CLCPU@3.00GHz,1B,austindonisan,48,96,0.188,0.196,0.003
IntelRXeonRPlatinum8275CLCPU@3.00GHz,1B,buybackoff,6,6,1.734,1.743,0.004
IntelRXeonRPlatinum8275CLCPU@3.00GHz,1B,buybackoff,6,12,1.600,1.610,0.005
IntelRXeonRPlatinum8275CLCPU@3.00GHz,1B,buybackoff,12,12,0.878,0.883,0.002
IntelRXeonRPlatinum8275CLCPU@3.00GHz,1B,buybackoff,12,24,0.816,0.820,0.002
IntelRXeonRPlatinum8275CLCPU@3.00GHz,1B,buybackoff,24,24,0.465,0.468,0.001
IntelRXeonRPlatinum8275CLCPU@3.00GHz,1B,buybackoff,24,48,0.443,0.450,0.002
IntelRXeonRPlatinum8275CLCPU@3.00GHz,1B,buybackoff,48,48,0.269,0.273,0.002
IntelRXeonRPlatinum8275CLCPU@3.00GHz,1B,buybackoff,48,96,0.274,0.280,0.002
IntelRXeonRPlatinum8275CLCPU@3.00GHz,1B,CameronAavik,6,6,2.508,2.535,0.012
IntelRXeonRPlatinum8275CLCPU@3.00GHz,1B,CameronAavik,6,12,2.152,2.180,0.011
IntelRXeonRPlatinum8275CLCPU@3.00GHz,1B,CameronAavik,12,12,1.391,1.404,0.006
IntelRXeonRPlatinum8275CLCPU@3.00GHz,1B,CameronAavik,12,24,1.275,1.316,0.031
IntelRXeonRPlatinum8275CLCPU@3.00GHz,1B,CameronAavik,24,24,1.014,1.017,0.002
IntelRXeonRPlatinum8275CLCPU@3.00GHz,1B,CameronAavik,24,48,0.867,0.887,0.007
IntelRXeonRPlatinum8275CLCPU@3.00GHz,1B,CameronAavik,48,48,0.638,0.643,0.002
IntelRXeonRPlatinum8275CLCPU@3.00GHz,1B,CameronAavik,48,96,0.641,0.661,0.033
IntelRXeonRPlatinum8275CLCPU@3.00GHz,1B,dzaima,6,6,2.632,2.737,0.034
IntelRXeonRPlatinum8275CLCPU@3.00GHz,1B,jerrinot,6,6,1.745,1.756,0.005
IntelRXeonRPlatinum8275CLCPU@3.00GHz,1B,jerrinot,6,12,1.499,1.511,0.003
IntelRXeonRPlatinum8275CLCPU@3.00GHz,1B,jerrinot,12,12,0.896,0.901,0.002
IntelRXeonRPlatinum8275CLCPU@3.00GHz,1B,jerrinot,12,24,0.767,0.773,0.003
IntelRXeonRPlatinum8275CLCPU@3.00GHz,1B,jerrinot,24,24,0.469,0.475,0.003
IntelRXeonRPlatinum8275CLCPU@3.00GHz,1B,jerrinot,24,48,0.401,0.411,0.004
IntelRXeonRPlatinum8275CLCPU@3.00GHz,1B,jerrinot,48,48,0.265,0.271,0.002
IntelRXeonRPlatinum8275CLCPU@3.00GHz,1B,jerrinot,48,96,0.240,0.247,0.003
IntelRXeonRPlatinum8275CLCPU@3.00GHz,1B,kpocza,6,6,2.943,2.948,0.003
IntelRXeonRPlatinum8275CLCPU@3.00GHz,1B,kpocza,6,12,2.390,2.418,0.011
IntelRXeonRPlatinum8275CLCPU@3.00GHz,1B,kpocza,12,12,1.582,1.585,0.002
IntelRXeonRPlatinum8275CLCPU@3.00GHz,1B,kpocza,12,24,1.301,1.313,0.007
IntelRXeonRPlatinum8275CLCPU@3.00GHz,1B,kpocza,24,24,0.893,0.900,0.005
IntelRXeonRPlatinum8275CLCPU@3.00GHz,1B,kpocza,24,48,0.757,0.766,0.003
IntelRXeonRPlatinum8275CLCPU@3.00GHz,1B,kpocza,48,48,0.564,0.572,0.006
IntelRXeonRPlatinum8275CLCPU@3.00GHz,1B,kpocza,48,96,0.514,0.521,0.004
IntelRXeonRPlatinum8275CLCPU@3.00GHz,1B,lehuyduc,6,6,1.936,1.956,0.019
IntelRXeonRPlatinum8275CLCPU@3.00GHz,1B,lehuyduc,6,12,1.403,1.431,0.017
IntelRXeonRPlatinum8275CLCPU@3.00GHz,1B,lehuyduc,12,12,0.991,1.009,0.011
IntelRXeonRPlatinum8275CLCPU@3.00GHz,1B,lehuyduc,12,24,0.755,0.778,0.009
IntelRXeonRPlatinum8275CLCPU@3.00GHz,1B,lehuyduc,24,24,0.559,0.584,0.020
IntelRXeonRPlatinum8275CLCPU@3.00GHz,1B,lehuyduc,24,48,0.447,0.459,0.004
IntelRXeonRPlatinum8275CLCPU@3.00GHz,1B,lehuyduc,48,48,0.324,0.345,0.009
IntelRXeonRPlatinum8275CLCPU@3.00GHz,1B,lehuyduc,48,96,0.274,0.301,0.016
IntelRXeonRPlatinum8275CLCPU@3.00GHz,1B,mtopolnik,6,6,2.434,2.450,0.006
IntelRXeonRPlatinum8275CLCPU@3.00GHz,1B,mtopolnik,6,12,1.875,1.899,0.011
IntelRXeonRPlatinum8275CLCPU@3.00GHz,1B,mtopolnik,12,12,1.279,1.287,0.008
IntelRXeonRPlatinum8275CLCPU@3.00GHz,1B,mtopolnik,12,24,1.007,1.035,0.013
IntelRXeonRPlatinum8275CLCPU@3.00GHz,1B,mtopolnik,24,24,0.703,0.725,0.017
IntelRXeonRPlatinum8275CLCPU@3.00GHz,1B,mtopolnik,24,48,0.599,0.623,0.012
IntelRXeonRPlatinum8275CLCPU@3.00GHz,1B,mtopolnik,48,48,0.415,0.443,0.013
IntelRXeonRPlatinum8275CLCPU@3.00GHz,1B,mtopolnik,48,96,0.463,0.475,0.008
IntelRXeonRPlatinum8275CLCPU@3.00GHz,1B,mtopolnik-rs,6,6,2.860,2.866,0.001
IntelRXeonRPlatinum8275CLCPU@3.00GHz,1B,mtopolnik-rs,6,12,2.700,2.704,0.003
IntelRXeonRPlatinum8275CLCPU@3.00GHz,1B,mtopolnik-rs,12,12,1.534,1.536,0.001
IntelRXeonRPlatinum8275CLCPU@3.00GHz,1B,mtopolnik-rs,12,24,1.460,1.462,0.001
IntelRXeonRPlatinum8275CLCPU@3.00GHz,1B,mtopolnik-rs,24,24,0.874,0.876,0.001
IntelRXeonRPlatinum8275CLCPU@3.00GHz,1B,mtopolnik-rs,24,48,0.860,0.864,0.001
IntelRXeonRPlatinum8275CLCPU@3.00GHz,1B,mtopolnik-rs,48,48,0.571,0.582,0.009
IntelRXeonRPlatinum8275CLCPU@3.00GHz,1B,mtopolnik-rs,48,96,0.594,0.607,0.005
IntelRXeonRPlatinum8275CLCPU@3.00GHz,1B,nietras,6,6,2.639,2.681,0.019
IntelRXeonRPlatinum8275CLCPU@3.00GHz,1B,nietras,6,12,1.925,1.942,0.008
IntelRXeonRPlatinum8275CLCPU@3.00GHz,1B,nietras,12,12,1.425,1.452,0.015
IntelRXeonRPlatinum8275CLCPU@3.00GHz,1B,nietras,12,24,1.062,1.074,0.005
IntelRXeonRPlatinum8275CLCPU@3.00GHz,1B,nietras,24,24,0.815,0.828,0.006
IntelRXeonRPlatinum8275CLCPU@3.00GHz,1B,nietras,24,48,0.638,0.645,0.003
IntelRXeonRPlatinum8275CLCPU@3.00GHz,1B,nietras,48,48,0.523,0.531,0.005
IntelRXeonRPlatinum8275CLCPU@3.00GHz,1B,nietras,48,96,0.454,0.463,0.005
IntelRXeonRPlatinum8275CLCPU@3.00GHz,1B,NimaAra,6,6,6.152,6.155,0.004
IntelRXeonRPlatinum8275CLCPU@3.00GHz,1B,NimaAra,6,12,4.930,4.950,0.014
IntelRXeonRPlatinum8275CLCPU@3.00GHz,1B,NimaAra,12,12,3.178,3.190,0.007
IntelRXeonRPlatinum8275CLCPU@3.00GHz,1B,NimaAra,12,24,2.578,2.582,0.004
IntelRXeonRPlatinum8275CLCPU@3.00GHz,1B,NimaAra,24,24,1.879,1.880,0.001
IntelRXeonRPlatinum8275CLCPU@3.00GHz,1B,NimaAra,24,48,1.552,1.556,0.005
IntelRXeonRPlatinum8275CLCPU@3.00GHz,1B,NimaAra,48,48,1.067,1.071,0.002
IntelRXeonRPlatinum8275CLCPU@3.00GHz,1B,NimaAra,48,96,0.940,0.943,0.000
IntelRXeonRPlatinum8275CLCPU@3.00GHz,1B,noahfalk,6,6,1.347,1.358,0.004
IntelRXeonRPlatinum8275CLCPU@3.00GHz,1B,noahfalk,6,12,1.215,1.227,0.004
IntelRXeonRPlatinum8275CLCPU@3.00GHz,1B,noahfalk,12,12,0.693,0.697,0.002
IntelRXeonRPlatinum8275CLCPU@3.00GHz,1B,noahfalk,12,24,0.638,0.643,0.001
IntelRXeonRPlatinum8275CLCPU@3.00GHz,1B,noahfalk,24,24,0.409,0.411,0.001
IntelRXeonRPlatinum8275CLCPU@3.00GHz,1B,noahfalk,24,48,0.391,0.396,0.002
IntelRXeonRPlatinum8275CLCPU@3.00GHz,1B,noahfalk,48,48,0.302,0.311,0.004
IntelRXeonRPlatinum8275CLCPU@3.00GHz,1B,noahfalk,48,96,0.353,0.375,0.013
IntelRXeonRPlatinum8275CLCPU@3.00GHz,1B,pedrosakuma,6,6,5.425,5.441,0.004
IntelRXeonRPlatinum8275CLCPU@3.00GHz,1B,pedrosakuma,6,12,4.769,4.789,0.010
IntelRXeonRPlatinum8275CLCPU@3.00GHz,1B,pedrosakuma,12,12,2.944,2.956,0.004
IntelRXeonRPlatinum8275CLCPU@3.00GHz,1B,pedrosakuma,12,24,2.680,2.686,0.002
IntelRXeonRPlatinum8275CLCPU@3.00GHz,1B,pedrosakuma,24,24,1.937,1.941,0.001
IntelRXeonRPlatinum8275CLCPU@3.00GHz,1B,pedrosakuma,24,48,1.942,1.947,0.003
IntelRXeonRPlatinum8275CLCPU@3.00GHz,1B,pedrosakuma,48,48,1.458,1.464,0.002
IntelRXeonRPlatinum8275CLCPU@3.00GHz,1B,pedrosakuma,48,96,1.791,1.798,0.003
IntelRXeonRPlatinum8275CLCPU@3.00GHz,1B,royvanrijn,6,6,2.515,2.525,0.004
IntelRXeonRPlatinum8275CLCPU@3.00GHz,1B,royvanrijn,6,12,1.819,1.829,0.005
IntelRXeonRPlatinum8275CLCPU@3.00GHz,1B,royvanrijn,12,12,1.288,1.296,0.004
IntelRXeonRPlatinum8275CLCPU@3.00GHz,1B,royvanrijn,12,24,0.934,0.944,0.004
IntelRXeonRPlatinum8275CLCPU@3.00GHz,1B,royvanrijn,24,24,0.672,0.684,0.004
IntelRXeonRPlatinum8275CLCPU@3.00GHz,1B,royvanrijn,24,48,0.501,0.513,0.006
IntelRXeonRPlatinum8275CLCPU@3.00GHz,1B,royvanrijn,48,48,0.386,0.404,0.006
IntelRXeonRPlatinum8275CLCPU@3.00GHz,1B,royvanrijn,48,96,0.336,0.347,0.006
IntelRXeonRPlatinum8275CLCPU@3.00GHz,1B,stephenvonworley,6,6,2.045,2.069,0.008
IntelRXeonRPlatinum8275CLCPU@3.00GHz,1B,stephenvonworley,6,12,1.771,1.790,0.003
IntelRXeonRPlatinum8275CLCPU@3.00GHz,1B,stephenvonworley,12,12,1.034,1.041,0.003
IntelRXeonRPlatinum8275CLCPU@3.00GHz,1B,stephenvonworley,12,24,0.907,0.913,0.002
IntelRXeonRPlatinum8275CLCPU@3.00GHz,1B,stephenvonworley,24,24,0.541,0.550,0.005
IntelRXeonRPlatinum8275CLCPU@3.00GHz,1B,stephenvonworley,24,48,0.509,0.522,0.006
IntelRXeonRPlatinum8275CLCPU@3.00GHz,1B,stephenvonworley,48,48,0.314,0.320,0.003
IntelRXeonRPlatinum8275CLCPU@3.00GHz,1B,stephenvonworley,48,96,0.324,0.331,0.004
IntelRXeonRPlatinum8275CLCPU@3.00GHz,1B,thomaswue,6,6,1.681,1.704,0.010
IntelRXeonRPlatinum8275CLCPU@3.00GHz,1B,thomaswue,6,12,1.542,1.545,0.001
IntelRXeonRPlatinum8275CLCPU@3.00GHz,1B,thomaswue,12,12,0.849,0.855,0.003
IntelRXeonRPlatinum8275CLCPU@3.00GHz,1B,thomaswue,12,24,0.782,0.783,0.001
IntelRXeonRPlatinum8275CLCPU@3.00GHz,1B,thomaswue,24,24,0.472,0.474,0.001
IntelRXeonRPlatinum8275CLCPU@3.00GHz,1B,thomaswue,24,48,0.434,0.436,0.001
IntelRXeonRPlatinum8275CLCPU@3.00GHz,1B,thomaswue,48,48,0.261,0.263,0.001
IntelRXeonRPlatinum8275CLCPU@3.00GHz,1B,thomaswue,48,96,0.255,0.257,0.001
IntelRXeonRPlatinum8275CLCPU@3.00GHz,1B,xoofx,6,6,4.492,4.528,0.014
IntelRXeonRPlatinum8275CLCPU@3.00GHz,1B,xoofx,6,12,3.415,3.429,0.006
IntelRXeonRPlatinum8275CLCPU@3.00GHz,1B,xoofx,12,12,2.253,2.275,0.008
IntelRXeonRPlatinum8275CLCPU@3.00GHz,1B,xoofx,12,24,1.716,1.723,0.004
IntelRXeonRPlatinum8275CLCPU@3.00GHz,1B,xoofx,24,24,1.278,1.292,0.006
IntelRXeonRPlatinum8275CLCPU@3.00GHz,1B,xoofx,24,48,0.971,0.977,0.003
IntelRXeonRPlatinum8275CLCPU@3.00GHz,1B,xoofx,48,48,0.666,0.673,0.003
IntelRXeonRPlatinum8275CLCPU@3.00GHz,1B,xoofx,48,96,0.536,0.567,0.015
IntelRXeonRPlatinum8275CLCPU@3.00GHz,1B_10K,abeobk,12,12,3.438,3.482,0.016
IntelRXeonRPlatinum8275CLCPU@3.00GHz,1B_10K,abeobk,12,24,2.664,2.676,0.003
IntelRXeonRPlatinum8275CLCPU@3.00GHz,1B_10K,abeobk,24,24,1.648,1.656,0.008
IntelRXeonRPlatinum8275CLCPU@3.00GHz,1B_10K,abeobk,24,48,1.502,1.518,0.004
IntelRXeonRPlatinum8275CLCPU@3.00GHz,1B_10K,abeobk,48,48,0.819,0.825,0.005
IntelRXeonRPlatinum8275CLCPU@3.00GHz,1B_10K,abeobk,48,96,0.744,0.747,0.003
IntelRXeonRPlatinum8275CLCPU@3.00GHz,1B_10K,artsiomkorzun,12,12,1.996,2.005,0.007
IntelRXeonRPlatinum8275CLCPU@3.00GHz,1B_10K,artsiomkorzun,12,24,1.696,1.700,0.002
IntelRXeonRPlatinum8275CLCPU@3.00GHz,1B_10K,artsiomkorzun,24,24,1.075,1.083,0.005
IntelRXeonRPlatinum8275CLCPU@3.00GHz,1B_10K,artsiomkorzun,24,48,1.243,1.246,0.002
IntelRXeonRPlatinum8275CLCPU@3.00GHz,1B_10K,artsiomkorzun,48,48,0.580,0.584,0.003
IntelRXeonRPlatinum8275CLCPU@3.00GHz,1B_10K,artsiomkorzun,48,96,0.716,0.730,0.007
IntelRXeonRPlatinum8275CLCPU@3.00GHz,1B_10K,austindonisan,12,12,2.228,2.232,0.003
IntelRXeonRPlatinum8275CLCPU@3.00GHz,1B_10K,austindonisan,12,24,1.247,1.252,0.003
IntelRXeonRPlatinum8275CLCPU@3.00GHz,1B_10K,austindonisan,24,24,1.245,1.247,0.001
IntelRXeonRPlatinum8275CLCPU@3.00GHz,1B_10K,austindonisan,24,48,0.671,0.675,0.002
IntelRXeonRPlatinum8275CLCPU@3.00GHz,1B_10K,austindonisan,48,48,0.663,0.667,0.002
IntelRXeonRPlatinum8275CLCPU@3.00GHz,1B_10K,austindonisan,48,96,0.830,0.833,0.003
IntelRXeonRPlatinum8275CLCPU@3.00GHz,1B_10K,buybackoff,12,12,1.652,1.691,0.028
IntelRXeonRPlatinum8275CLCPU@3.00GHz,1B_10K,buybackoff,12,24,2.443,2.446,0.001
IntelRXeonRPlatinum8275CLCPU@3.00GHz,1B_10K,buybackoff,24,24,0.923,0.950,0.015
IntelRXeonRPlatinum8275CLCPU@3.00GHz,1B_10K,buybackoff,24,48,1.303,1.305,0.001
IntelRXeonRPlatinum8275CLCPU@3.00GHz,1B_10K,buybackoff,48,48,0.503,0.523,0.016
IntelRXeonRPlatinum8275CLCPU@3.00GHz,1B_10K,buybackoff,48,96,0.734,0.739,0.003
IntelRXeonRPlatinum8275CLCPU@3.00GHz,1B_10K,CameronAavik,12,12,4.343,4.358,0.005
IntelRXeonRPlatinum8275CLCPU@3.00GHz,1B_10K,CameronAavik,12,24,3.950,4.027,0.045
IntelRXeonRPlatinum8275CLCPU@3.00GHz,1B_10K,CameronAavik,24,24,3.183,3.189,0.003
IntelRXeonRPlatinum8275CLCPU@3.00GHz,1B_10K,CameronAavik,24,48,2.501,2.633,0.085
IntelRXeonRPlatinum8275CLCPU@3.00GHz,1B_10K,CameronAavik,48,48,1.730,1.744,0.006
IntelRXeonRPlatinum8275CLCPU@3.00GHz,1B_10K,CameronAavik,48,96,1.733,1.751,0.017
IntelRXeonRPlatinum8275CLCPU@3.00GHz,1B_10K,jerrinot,12,12,2.903,2.939,0.016
IntelRXeonRPlatinum8275CLCPU@3.00GHz,1B_10K,jerrinot,12,24,2.512,2.523,0.008
IntelRXeonRPlatinum8275CLCPU@3.00GHz,1B_10K,jerrinot,24,24,1.795,1.805,0.004
IntelRXeonRPlatinum8275CLCPU@3.00GHz,1B_10K,jerrinot,24,48,1.620,1.631,0.007
IntelRXeonRPlatinum8275CLCPU@3.00GHz,1B_10K,jerrinot,48,48,1.246,1.257,0.007
IntelRXeonRPlatinum8275CLCPU@3.00GHz,1B_10K,jerrinot,48,96,1.178,1.184,0.004
IntelRXeonRPlatinum8275CLCPU@3.00GHz,1B_10K,kpocza,12,12,2.998,3.061,0.052
IntelRXeonRPlatinum8275CLCPU@3.00GHz,1B_10K,kpocza,12,24,3.185,3.196,0.007
IntelRXeonRPlatinum8275CLCPU@3.00GHz,1B_10K,kpocza,24,24,1.678,1.705,0.016
IntelRXeonRPlatinum8275CLCPU@3.00GHz,1B_10K,kpocza,24,48,1.890,1.901,0.004
IntelRXeonRPlatinum8275CLCPU@3.00GHz,1B_10K,kpocza,48,48,1.025,1.058,0.010
IntelRXeonRPlatinum8275CLCPU@3.00GHz,1B_10K,kpocza,48,96,1.145,1.153,0.006
IntelRXeonRPlatinum8275CLCPU@3.00GHz,1B_10K,lehuyduc,12,12,2.229,2.289,0.057
IntelRXeonRPlatinum8275CLCPU@3.00GHz,1B_10K,lehuyduc,12,24,2.416,2.475,0.033
IntelRXeonRPlatinum8275CLCPU@3.00GHz,1B_10K,lehuyduc,24,24,1.185,1.232,0.047
IntelRXeonRPlatinum8275CLCPU@3.00GHz,1B_10K,lehuyduc,24,48,1.402,1.448,0.032
IntelRXeonRPlatinum8275CLCPU@3.00GHz,1B_10K,lehuyduc,48,48,0.645,0.701,0.019
IntelRXeonRPlatinum8275CLCPU@3.00GHz,1B_10K,lehuyduc,48,96,0.818,0.898,0.019
IntelRXeonRPlatinum8275CLCPU@3.00GHz,1B_10K,mtopolnik,12,12,2.167,2.197,0.023
IntelRXeonRPlatinum8275CLCPU@3.00GHz,1B_10K,mtopolnik,12,24,2.231,2.285,0.012
IntelRXeonRPlatinum8275CLCPU@3.00GHz,1B_10K,mtopolnik,24,24,1.365,1.391,0.019
IntelRXeonRPlatinum8275CLCPU@3.00GHz,1B_10K,mtopolnik,24,48,1.886,1.928,0.013
IntelRXeonRPlatinum8275CLCPU@3.00GHz,1B_10K,mtopolnik,48,48,1.087,1.119,0.031
IntelRXeonRPlatinum8275CLCPU@3.00GHz,1B_10K,mtopolnik,48,96,2.422,2.450,0.026
IntelRXeonRPlatinum8275CLCPU@3.00GHz,1B_10K,mtopolnik-rs,12,12,3.089,3.103,0.006
IntelRXeonRPlatinum8275CLCPU@3.00GHz,1B_10K,mtopolnik-rs,12,24,3.020,3.027,0.005
IntelRXeonRPlatinum8275CLCPU@3.00GHz,1B_10K,mtopolnik-rs,24,24,1.714,1.718,0.003
IntelRXeonRPlatinum8275CLCPU@3.00GHz,1B_10K,mtopolnik-rs,24,48,2.009,2.019,0.001
IntelRXeonRPlatinum8275CLCPU@3.00GHz,1B_10K,mtopolnik-rs,48,48,1.067,1.077,0.009
IntelRXeonRPlatinum8275CLCPU@3.00GHz,1B_10K,mtopolnik-rs,48,96,1.269,1.289,0.020
IntelRXeonRPlatinum8275CLCPU@3.00GHz,1B_10K,nietras,12,12,2.887,2.912,0.013
IntelRXeonRPlatinum8275CLCPU@3.00GHz,1B_10K,nietras,12,24,3.145,3.156,0.007
IntelRXeonRPlatinum8275CLCPU@3.00GHz,1B_10K,nietras,24,24,1.625,1.634,0.002
IntelRXeonRPlatinum8275CLCPU@3.00GHz,1B_10K,nietras,24,48,1.757,1.765,0.003
IntelRXeonRPlatinum8275CLCPU@3.00GHz,1B_10K,nietras,48,48,0.967,0.991,0.017
IntelRXeonRPlatinum8275CLCPU@3.00GHz,1B_10K,nietras,48,96,1.041,1.067,0.028
IntelRXeonRPlatinum8275CLCPU@3.00GHz,1B_10K,NimaAra,12,12,4.127,4.141,0.020
IntelRXeonRPlatinum8275CLCPU@3.00GHz,1B_10K,NimaAra,12,24,3.376,3.382,0.005
IntelRXeonRPlatinum8275CLCPU@3.00GHz,1B_10K,NimaAra,24,24,2.434,2.444,0.015
IntelRXeonRPlatinum8275CLCPU@3.00GHz,1B_10K,NimaAra,24,48,2.058,2.075,0.026
IntelRXeonRPlatinum8275CLCPU@3.00GHz,1B_10K,NimaAra,48,48,1.398,1.403,0.005
IntelRXeonRPlatinum8275CLCPU@3.00GHz,1B_10K,NimaAra,48,96,1.294,1.308,0.012
IntelRXeonRPlatinum8275CLCPU@3.00GHz,1B_10K,noahfalk,12,12,1.950,1.957,0.003
IntelRXeonRPlatinum8275CLCPU@3.00GHz,1B_10K,noahfalk,12,24,1.774,1.777,0.002
IntelRXeonRPlatinum8275CLCPU@3.00GHz,1B_10K,noahfalk,24,24,1.172,1.176,0.002
IntelRXeonRPlatinum8275CLCPU@3.00GHz,1B_10K,noahfalk,24,48,1.176,1.188,0.004
IntelRXeonRPlatinum8275CLCPU@3.00GHz,1B_10K,noahfalk,48,48,0.830,0.835,0.003
IntelRXeonRPlatinum8275CLCPU@3.00GHz,1B_10K,noahfalk,48,96,1.085,1.116,0.020
IntelRXeonRPlatinum8275CLCPU@3.00GHz,1B_10K,pedrosakuma,12,12,4.344,4.359,0.012
IntelRXeonRPlatinum8275CLCPU@3.00GHz,1B_10K,pedrosakuma,12,24,4.947,4.962,0.003
IntelRXeonRPlatinum8275CLCPU@3.00GHz,1B_10K,pedrosakuma,24,24,2.779,2.796,0.005
IntelRXeonRPlatinum8275CLCPU@3.00GHz,1B_10K,pedrosakuma,24,48,3.296,3.301,0.002
IntelRXeonRPlatinum8275CLCPU@3.00GHz,1B_10K,pedrosakuma,48,48,2.059,2.079,0.008
IntelRXeonRPlatinum8275CLCPU@3.00GHz,1B_10K,pedrosakuma,48,96,0.889,0.927,0.016
IntelRXeonRPlatinum8275CLCPU@3.00GHz,1B_10K,royvanrijn,12,12,3.300,3.321,0.021
IntelRXeonRPlatinum8275CLCPU@3.00GHz,1B_10K,royvanrijn,12,24,2.829,2.853,0.011
IntelRXeonRPlatinum8275CLCPU@3.00GHz,1B_10K,royvanrijn,24,24,1.613,1.665,0.012
IntelRXeonRPlatinum8275CLCPU@3.00GHz,1B_10K,royvanrijn,24,48,1.770,1.799,0.007
IntelRXeonRPlatinum8275CLCPU@3.00GHz,1B_10K,royvanrijn,48,48,0.882,0.909,0.013
IntelRXeonRPlatinum8275CLCPU@3.00GHz,1B_10K,royvanrijn,48,96,0.955,0.979,0.017
IntelRXeonRPlatinum8275CLCPU@3.00GHz,1B_10K,stephenvonworley,12,12,2.071,2.080,0.007
IntelRXeonRPlatinum8275CLCPU@3.00GHz,1B_10K,stephenvonworley,12,24,1.865,1.867,0.001
IntelRXeonRPlatinum8275CLCPU@3.00GHz,1B_10K,stephenvonworley,24,24,1.211,1.222,0.004
IntelRXeonRPlatinum8275CLCPU@3.00GHz,1B_10K,stephenvonworley,24,48,1.501,1.504,0.002
IntelRXeonRPlatinum8275CLCPU@3.00GHz,1B_10K,stephenvonworley,48,48,0.828,0.831,0.001
IntelRXeonRPlatinum8275CLCPU@3.00GHz,1B_10K,stephenvonworley,48,96,1.194,1.210,0.006
IntelRXeonRPlatinum8275CLCPU@3.00GHz,1B_10K,thomaswue,12,12,2.654,2.664,0.008
IntelRXeonRPlatinum8275CLCPU@3.00GHz,1B_10K,thomaswue,12,24,2.479,2.485,0.002
IntelRXeonRPlatinum8275CLCPU@3.00GHz,1B_10K,thomaswue,24,24,1.547,1.550,0.003
IntelRXeonRPlatinum8275CLCPU@3.00GHz,1B_10K,thomaswue,24,48,1.745,1.751,0.004
IntelRXeonRPlatinum8275CLCPU@3.00GHz,1B_10K,thomaswue,48,48,0.937,0.941,0.002
IntelRXeonRPlatinum8275CLCPU@3.00GHz,1B_10K,thomaswue,48,96,1.188,1.196,0.006
IntelRXeonRPlatinum8275CLCPU@3.00GHz,1B_10K,xoofx,12,12,3.470,3.506,0.014
IntelRXeonRPlatinum8275CLCPU@3.00GHz,1B_10K,xoofx,12,24,2.898,2.908,0.007
IntelRXeonRPlatinum8275CLCPU@3.00GHz,1B_10K,xoofx,24,24,1.986,2.000,0.009
IntelRXeonRPlatinum8275CLCPU@3.00GHz,1B_10K,xoofx,24,48,1.894,1.909,0.005
IntelRXeonRPlatinum8275CLCPU@3.00GHz,1B_10K,xoofx,48,48,1.094,1.098,0.003
IntelRXeonRPlatinum8275CLCPU@3.00GHz,1B_10K,xoofx,48,96,1.137,1.156,0.017
m7g.metal,1B,abeobk,8,8,1.480,1.481,0.002
m7g.metal,1B,abeobk,16,16,0.748,0.750,0.001
m7g.metal,1B,abeobk,32,32,0.381,0.381,0.000
m7g.metal,1B,abeobk,64,64,0.381,0.382,0.001
m7g.metal,1B,artsiomkorzun,8,8,1.135,1.140,0.005
m7g.metal,1B,artsiomkorzun,16,16,0.578,0.579,0.000
m7g.metal,1B,artsiomkorzun,32,32,0.304,0.304,0.000
m7g.metal,1B,artsiomkorzun,64,64,0.304,0.304,0.000
m7g.metal,1B,buybackoff,8,8,3.115,3.117,0.002
m7g.metal,1B,buybackoff,16,16,1.568,1.568,0.000
m7g.metal,1B,buybackoff,32,32,0.797,0.797,0.000
m7g.metal,1B,buybackoff,64,64,0.797,0.798,0.001
m7g.metal,1B,CameronAavik,8,8,1.839,1.862,0.008
m7g.metal,1B,CameronAavik,16,16,1.041,1.048,0.004
m7g.metal,1B,CameronAavik,32,32,0.630,0.631,0.000
m7g.metal,1B,CameronAavik,64,64,0.630,0.630,0.000
m7g.metal,1B,jerrinot,8,8,1.376,1.383,0.004
m7g.metal,1B,jerrinot,16,16,0.698,0.700,0.002
m7g.metal,1B,jerrinot,32,32,0.361,0.362,0.001
m7g.metal,1B,jerrinot,64,64,0.360,0.362,0.000
m7g.metal,1B,kpocza,8,8,3.588,3.590,0.002
m7g.metal,1B,kpocza,16,16,1.904,1.909,0.003
m7g.metal,1B,kpocza,32,32,1.061,1.063,0.002
m7g.metal,1B,kpocza,64,64,1.102,1.119,0.003
m7g.metal,1B,mtopolnik,8,8,1.972,1.985,0.019
m7g.metal,1B,mtopolnik,16,16,1.050,1.061,0.017
m7g.metal,1B,mtopolnik,32,32,0.597,0.600,0.003
m7g.metal,1B,mtopolnik,64,64,0.601,0.602,0.001
m7g.metal,1B,mtopolnik-rs,8,8,2.327,2.329,0.001
m7g.metal,1B,mtopolnik-rs,16,16,1.269,1.269,0.001
m7g.metal,1B,mtopolnik-rs,32,32,0.750,0.750,0.000
m7g.metal,1B,mtopolnik-rs,64,64,0.750,0.750,0.000
m7g.metal,1B,nietras,8,8,2.739,2.762,0.019
m7g.metal,1B,nietras,16,16,1.477,1.497,0.002
m7g.metal,1B,nietras,32,32,0.858,0.871,0.012
m7g.metal,1B,nietras,64,64,0.855,0.868,0.009
m7g.metal,1B,NimaAra,8,8,3.839,3.844,0.005
m7g.metal,1B,NimaAra,16,16,2.030,2.044,0.009
m7g.metal,1B,NimaAra,32,32,1.120,1.122,0.000
m7g.metal,1B,NimaAra,64,64,1.123,1.124,0.000
m7g.metal,1B,pedrosakuma,8,8,4.671,4.673,0.002
m7g.metal,1B,pedrosakuma,16,16,2.572,2.574,0.001
m7g.metal,1B,pedrosakuma,32,32,1.640,1.643,0.002
m7g.metal,1B,pedrosakuma,64,64,1.643,1.644,0.001
m7g.metal,1B,royvanrijn,8,8,1.963,1.967,0.003
m7g.metal,1B,royvanrijn,16,16,1.002,1.005,0.004
m7g.metal,1B,royvanrijn,32,32,0.534,0.540,0.001
m7g.metal,1B,royvanrijn,64,64,0.544,0.551,0.001
m7g.metal,1B,stephenvonworley,8,8,1.348,1.351,0.002
m7g.metal,1B,stephenvonworley,16,16,0.690,0.692,0.002
m7g.metal,1B,stephenvonworley,32,32,0.365,0.366,0.002
m7g.metal,1B,stephenvonworley,64,64,0.365,0.366,0.000
m7g.metal,1B,thomaswue,8,8,1.345,1.345,0.001
m7g.metal,1B,thomaswue,16,16,0.679,0.682,0.003
m7g.metal,1B,thomaswue,32,32,0.349,0.349,0.000
m7g.metal,1B,thomaswue,64,64,0.349,0.349,0.000
m7g.metal,1B,xoofx,8,8,3.099,3.114,0.007
m7g.metal,1B,xoofx,16,16,1.555,1.562,0.005
m7g.metal,1B,xoofx,32,32,0.795,0.796,0.000
m7g.metal,1B,xoofx,64,64,0.786,0.799,0.017
m7g.metal,1B_10K,abeobk,16,16,2.442,2.449,0.009
m7g.metal,1B_10K,abeobk,32,32,1.201,1.209,0.007
m7g.metal,1B_10K,abeobk,64,64,1.200,1.207,0.006
m7g.metal,1B_10K,artsiomkorzun,16,16,1.424,1.427,0.003
m7g.metal,1B_10K,artsiomkorzun,32,32,0.898,0.903,0.005
m7g.metal,1B_10K,artsiomkorzun,64,64,0.894,0.898,0.005
m7g.metal,1B_10K,buybackoff,16,16,2.170,2.181,0.010
m7g.metal,1B_10K,buybackoff,32,32,1.123,1.126,0.005
m7g.metal,1B_10K,buybackoff,64,64,1.121,1.128,0.006
m7g.metal,1B_10K,CameronAavik,16,16,2.885,2.894,0.008
m7g.metal,1B_10K,CameronAavik,32,32,1.789,1.792,0.005
m7g.metal,1B_10K,CameronAavik,64,64,1.795,1.797,0.003
m7g.metal,1B_10K,jerrinot,16,16,1.856,1.859,0.004
m7g.metal,1B_10K,jerrinot,32,32,1.122,1.126,0.005
m7g.metal,1B_10K,jerrinot,64,64,1.117,1.120,0.003
m7g.metal,1B_10K,kpocza,16,16,2.516,2.549,0.039
m7g.metal,1B_10K,kpocza,32,32,1.418,1.436,0.015
m7g.metal,1B_10K,kpocza,64,64,1.454,1.460,0.005
m7g.metal,1B_10K,mtopolnik,16,16,1.449,1.493,0.063
m7g.metal,1B_10K,mtopolnik,32,32,1.158,1.180,0.037
m7g.metal,1B_10K,mtopolnik,64,64,1.168,1.186,0.023
m7g.metal,1B_10K,mtopolnik-rs,16,16,2.175,2.179,0.005
m7g.metal,1B_10K,mtopolnik-rs,32,32,1.359,1.362,0.003
m7g.metal,1B_10K,mtopolnik-rs,64,64,1.359,1.362,0.004
m7g.metal,1B_10K,nietras,16,16,2.364,2.386,0.020
m7g.metal,1B_10K,nietras,32,32,1.344,1.360,0.015
m7g.metal,1B_10K,nietras,64,64,1.338,1.349,0.018
m7g.metal,1B_10K,NimaAra,16,16,3.024,3.027,0.004
m7g.metal,1B_10K,NimaAra,32,32,1.658,1.661,0.004
m7g.metal,1B_10K,NimaAra,64,64,1.651,1.656,0.005
m7g.metal,1B_10K,pedrosakuma,16,16,3.399,3.410,0.009
m7g.metal,1B_10K,pedrosakuma,32,32,2.128,2.134,0.006
m7g.metal,1B_10K,pedrosakuma,64,64,2.138,2.140,0.004
m7g.metal,1B_10K,royvanrijn,16,16,1.898,1.907,0.008
m7g.metal,1B_10K,royvanrijn,32,32,0.980,0.999,0.017
m7g.metal,1B_10K,royvanrijn,64,64,0.991,1.008,0.017
m7g.metal,1B_10K,stephenvonworley,16,16,1.439,1.444,0.007
m7g.metal,1B_10K,stephenvonworley,32,32,1.022,1.028,0.009
m7g.metal,1B_10K,stephenvonworley,64,64,1.019,1.024,0.005
m7g.metal,1B_10K,thomaswue,16,16,2.175,2.177,0.005
m7g.metal,1B_10K,thomaswue,32,32,1.184,1.189,0.006
m7g.metal,1B_10K,thomaswue,64,64,1.184,1.187,0.003
m7g.metal,1B_10K,xoofx,16,16,2.615,2.619,0.003
m7g.metal,1B_10K,xoofx,32,32,1.370,1.379,0.009
m7g.metal,1B_10K,xoofx,64,64,1.370,1.374,0.005
